series_id,title,app_core_status,review_status,seed_source,suggested_series_core_status,suggested_core_domain,suggested_market_relevance,suggested_economist_relevance,candidate_core_score,candidate_core_reasons,popularity,frequency,units,seasonal_adjustment,observation_start,observation_end,last_updated,release_ids,release_names,series_core_status,market_relevance,economist_relevance
CPIAUCSL,Consumer Price Index for All Urban Consumers: All Items in U.S. City Average,Core,accepted_core_seed,curated_core_series,Core,Inflation/Prices,High,High,150,benchmark_core_series_id; popularity>=90; macro_market_keyword; timely_frequency; seasonally_adjusted; standard_macro_units,97,Monthly,Index 1982-1984=100,Seasonally Adjusted,1947-01-01,2026-06-01,2026-07-14 08:10:40-05,10,Consumer Price Index,Core,High,High
UNRATE,Unemployment Rate,Core,accepted_core_seed,curated_core_series,Core,Labor,High,High,150,benchmark_core_series_id; popularity>=90; macro_market_keyword; timely_frequency; seasonally_adjusted; standard_macro_units,97,Monthly,Percent,Seasonally Adjusted,1948-01-01,2026-06-01,2026-07-02 08:31:40-05,50,Employment Situation,Core,High,High
M2SL,M2,Core,accepted_core_seed,curated_core_series,Core,Money/Credit/Banking,High,High,150,benchmark_core_series_id; popularity>=90; macro_market_keyword; timely_frequency; seasonally_adjusted; standard_macro_units,95,Monthly,Billions of Dollars,Seasonally Adjusted,1959-01-01,2026-05-01,2026-06-23 12:01:25-05,21,H.6 Money Stock Measures,Core,High,High
GDP,Gross Domestic Product,Core,accepted_core_seed,curated_core_series,Core,Growth/Output,High,High,150,benchmark_core_series_id; popularity>=90; macro_market_keyword; timely_frequency; seasonally_adjusted; standard_macro_units,91,Quarterly,Billions of Dollars,Seasonally Adjusted Annual Rate,1947-01-01,2026-01-01,2026-06-25 07:50:52-05,53,Gross Domestic Product,Core,High,High
GDPC1,Real Gross Domestic Product,Core,accepted_core_seed,curated_core_series,Core,Growth/Output,High,High,150,benchmark_core_series_id; popularity>=90; macro_market_keyword; timely_frequency; seasonally_adjusted; standard_macro_units,91,Quarterly,Billions of Chained 2017 Dollars,Seasonally Adjusted Annual Rate,1947-01-01,2026-01-01,2026-06-25 07:51:20-05,53,Gross Domestic Product,Core,High,High
BAMLH0A0HYM2,ICE BofA US High Yield Index Option-Adjusted Spread,Core,accepted_core_seed,curated_core_series,Core,Rates/Markets,High,High,145,benchmark_core_series_id; popularity>=90; macro_market_keyword; timely_frequency; standard_macro_units,100,"Daily, Close",Percent,Not Seasonally Adjusted,2023-07-24,2026-07-21,2026-07-22 09:06:25-05,209,ICE BofA Indices,Core,High,High
T10Y2Y,10-Year Treasury Constant Maturity Minus 2-Year Treasury Constant Maturity,Core,accepted_core_seed,curated_core_series,Core,Rates/Markets,High,High,145,benchmark_core_series_id; popularity>=90; macro_market_keyword; timely_frequency; standard_macro_units,99,Daily,Percent,Not Seasonally Adjusted,1976-06-01,2026-07-22,2026-07-22 16:03:24-05,304,Interest Rate Spreads,Core,High,High
DGS10,"Market Yield on U.S. Treasury Securities at 10-Year Constant Maturity, Quoted on an Investment Basis",Core,accepted_core_seed,curated_core_series,Core,Rates/Markets,High,High,145,benchmark_core_series_id; popularity>=90; macro_market_keyword; timely_frequency; standard_macro_units,98,Daily,Percent,Not Seasonally Adjusted,1962-01-02,2026-07-21,2026-07-22 15:16:29-05,18,H.15 Selected Interest Rates,Core,High,High
MORTGAGE30US,30-Year Fixed Rate Mortgage Average in the United States,Core,accepted_core_seed,curated_core_series,Core,Housing,High,High,145,benchmark_core_series_id; popularity>=90; macro_market_keyword; timely_frequency; standard_macro_units,98,"Weekly, Ending Thursday",Percent,Not Seasonally Adjusted,1971-04-02,2026-07-16,2026-07-16 11:03:15-05,190,Primary Mortgage Market Survey,Core,High,High
FEDFUNDS,Federal Funds Effective Rate,Core,accepted_core_seed,curated_core_series,Core,Rates/Markets,High,High,145,benchmark_core_series_id; popularity>=90; macro_market_keyword; timely_frequency; standard_macro_units,97,Monthly,Percent,Not Seasonally Adjusted,1954-07-01,2026-06-01,2026-07-01 15:16:34-05,18,H.15 Selected Interest Rates,Core,High,High
WALCL,Assets: Total Assets: Total Assets (Less Eliminations from Consolidation): Wednesday Level,Core,accepted_core_seed,curated_core_series,Core,Money/Credit/Banking,High,High,145,benchmark_core_series_id; popularity>=90; macro_market_keyword; timely_frequency; standard_macro_units,94,"Weekly, As of Wednesday",Millions of U.S. Dollars,Not Seasonally Adjusted,2002-12-18,2026-07-15,2026-07-16 15:31:04-05,20,H.4.1 Factors Affecting Reserve Balances,Core,High,High
SOFR,Secured Overnight Financing Rate,Core,accepted_core_seed,curated_core_series,Core,Rates/Markets,High,High,145,benchmark_core_series_id; popularity>=90; macro_market_keyword; timely_frequency; standard_macro_units,92,Daily,Percent,Not Seasonally Adjusted,2018-04-03,2026-07-21,2026-07-22 07:01:31-05,445,Secured Overnight Financing Rate Data,Core,High,High
T10Y3M,10-Year Treasury Constant Maturity Minus 3-Month Treasury Constant Maturity,Core,accepted_core_seed,curated_core_series,Core,Rates/Markets,High,High,145,benchmark_core_series_id; popularity>=90; macro_market_keyword; timely_frequency; standard_macro_units,92,Daily,Percent,Not Seasonally Adjusted,1982-01-04,2026-07-22,2026-07-22 16:03:23-05,304,Interest Rate Spreads,Core,High,High
DFII10,"Market Yield on U.S. Treasury Securities at 10-Year Constant Maturity, Quoted on an Investment Basis, Inflation-Indexed",Core,accepted_core_seed,curated_core_series,Core,Rates/Markets,High,High,145,benchmark_core_series_id; popularity>=90; macro_market_keyword; timely_frequency; standard_macro_units,91,Daily,Percent,Not Seasonally Adjusted,2003-01-02,2026-07-21,2026-07-22 15:16:22-05,18,H.15 Selected Interest Rates,Core,High,High
SP500,S&P 500,Core,accepted_core_seed,curated_core_series,Core,Rates/Markets,High,High,145,benchmark_core_series_id; popularity>=90; macro_market_keyword; timely_frequency; standard_macro_units,90,"Daily, Close",Index,Not Seasonally Adjusted,2016-07-25,2026-07-22,2026-07-22 19:02:46-05,189,Standard & Poors,Core,High,High
T10YIE,10-Year Breakeven Inflation Rate,Core,accepted_core_seed,curated_core_series,Core,Rates/Markets,High,High,145,benchmark_core_series_id; popularity>=90; macro_market_keyword; timely_frequency; standard_macro_units,90,Daily,Percent,Not Seasonally Adjusted,2003-01-02,2026-07-22,2026-07-22 16:03:24-05,304,Interest Rate Spreads,Core,High,High
GFDEGDQ188S,Federal Debt: Total Public Debt as Percent of Gross Domestic Product,Core,accepted_core_seed,curated_core_series,Core,Trade/Fiscal,High,High,140,benchmark_core_series_id; popularity>=80; macro_market_keyword; timely_frequency; seasonally_adjusted; standard_macro_units,86,Quarterly,Percent of GDP,Seasonally Adjusted,1966-01-01,2026-01-01,2026-06-25 08:01:21-05,263,Debt to Gross Domestic Product Ratios,Core,High,High
CPILFESL,Consumer Price Index for All Urban Consumers: All Items Less Food and Energy in U.S. City Average,Core,accepted_core_seed,curated_core_series,Core,Inflation/Prices,High,High,140,benchmark_core_series_id; popularity>=80; macro_market_keyword; timely_frequency; seasonally_adjusted; standard_macro_units,84,Monthly,Index 1982-1984=100,Seasonally Adjusted,1957-01-01,2026-06-01,2026-07-14 08:10:43-05,10,Consumer Price Index,Core,High,High
PCEPI,Personal Consumption Expenditures: Chain-type Price Index,Core,accepted_core_seed,curated_core_series,Core,Inflation/Prices,High,High,140,benchmark_core_series_id; popularity>=80; macro_market_keyword; timely_frequency; seasonally_adjusted; standard_macro_units,83,Monthly,Index 2017=100,Seasonally Adjusted,1959-01-01,2026-05-01,2026-06-25 07:43:23-05,54,Personal Income and Outlays,Core,High,High
CIVPART,Labor Force Participation Rate,Core,accepted_core_seed,curated_core_series,Core,Labor,High,High,140,benchmark_core_series_id; popularity>=80; macro_market_keyword; timely_frequency; seasonally_adjusted; standard_macro_units,82,Monthly,Percent,Seasonally Adjusted,1948-01-01,2026-06-01,2026-07-02 08:33:20-05,50,Employment Situation,Core,High,High
CES0500000003,"Average Hourly Earnings of All Employees, Total Private",Core,accepted_core_seed,curated_core_series,Core,Labor,High,High,140,benchmark_core_series_id; popularity>=80; macro_market_keyword; timely_frequency; seasonally_adjusted; standard_macro_units,81,Monthly,Dollars per Hour,Seasonally Adjusted,2006-03-01,2026-06-01,2026-07-02 08:33:50-05,50,Employment Situation,Core,High,High
ICSA,Initial Claims,Core,accepted_core_seed,curated_core_series,Core,Labor,High,High,140,benchmark_core_series_id; popularity>=80; macro_market_keyword; timely_frequency; seasonally_adjusted; standard_macro_units,81,"Weekly, Ending Saturday",Number,Seasonally Adjusted,1967-01-07,2026-07-11,2026-07-16 07:34:19-05,180,Unemployment Insurance Weekly Claims Report,Core,High,High
INDPRO,Industrial Production: Total Index,Core,accepted_core_seed,curated_core_series,Core,Growth/Output,High,High,140,benchmark_core_series_id; popularity>=80; macro_market_keyword; timely_frequency; seasonally_adjusted; standard_macro_units,81,Monthly,Index 2017=100,Seasonally Adjusted,1919-01-01,2026-06-01,2026-07-17 08:20:24-05,13,G.17 Industrial Production and Capacity Utilization,Core,High,High
PSAVERT,Personal Saving Rate,Core,accepted_core_seed,curated_core_series,Core,Consumer,High,High,140,benchmark_core_series_id; popularity>=80; macro_market_keyword; timely_frequency; seasonally_adjusted; standard_macro_units,81,Monthly,Percent,Seasonally Adjusted Annual Rate,1959-01-01,2026-05-01,2026-06-25 07:43:23-05,54,Personal Income and Outlays,Core,High,High
MSPUS,Median Sales Price of Houses Sold for the United States,Core,accepted_core_seed,curated_core_series,Core,Housing,High,High,135,benchmark_core_series_id; popularity>=80; macro_market_keyword; timely_frequency; standard_macro_units,89,Quarterly,Dollars,Not Seasonally Adjusted,1963-01-01,2026-01-01,2026-05-05 09:04:19-05,97,New Residential Sales,Core,High,High
BAMLC0A0CM,ICE BofA US Corporate Index Option-Adjusted Spread,Core,accepted_core_seed,curated_core_series,Core,Rates/Markets,High,High,135,benchmark_core_series_id; popularity>=80; macro_market_keyword; timely_frequency; standard_macro_units,87,"Daily, Close",Percent,Not Seasonally Adjusted,2023-07-24,2026-07-21,2026-07-22 09:06:46-05,209,ICE BofA Indices,Core,High,High
DFF,Federal Funds Effective Rate,Core,accepted_core_seed,curated_core_series,Core,Rates/Markets,High,High,135,benchmark_core_series_id; popularity>=80; macro_market_keyword; timely_frequency; standard_macro_units,87,"Daily, 7-Day",Percent,Not Seasonally Adjusted,1954-07-01,2026-07-21,2026-07-22 15:16:26-05,18,H.15 Selected Interest Rates,Core,High,High
VIXCLS,CBOE Volatility Index: VIX,Core,accepted_core_seed,curated_core_series,Core,Rates/Markets,High,High,135,benchmark_core_series_id; popularity>=80; macro_market_keyword; timely_frequency; standard_macro_units,87,"Daily, Close",Index,Not Seasonally Adjusted,1990-01-02,2026-07-21,2026-07-22 08:37:22-05,200,CBOE Market Statistics,Core,High,High
DGS2,"Market Yield on U.S. Treasury Securities at 2-Year Constant Maturity, Quoted on an Investment Basis",Core,accepted_core_seed,curated_core_series,Core,Rates/Markets,High,High,135,benchmark_core_series_id; popularity>=80; macro_market_keyword; timely_frequency; standard_macro_units,86,Daily,Percent,Not Seasonally Adjusted,1976-06-01,2026-07-21,2026-07-22 15:16:28-05,18,H.15 Selected Interest Rates,Core,High,High
DGS5,"Market Yield on U.S. Treasury Securities at 5-Year Constant Maturity, Quoted on an Investment Basis",Core,accepted_core_seed,curated_core_series,Core,Rates/Markets,High,High,135,benchmark_core_series_id; popularity>=80; macro_market_keyword; timely_frequency; standard_macro_units,86,Daily,Percent,Not Seasonally Adjusted,1962-01-02,2026-07-21,2026-07-22 15:16:27-05,18,H.15 Selected Interest Rates,Core,High,High
GFDEBTN,Federal Debt: Total Public Debt,Core,accepted_core_seed,curated_core_series,Core,Trade/Fiscal,High,High,135,benchmark_core_series_id; popularity>=80; macro_market_keyword; timely_frequency; standard_macro_units,86,"Quarterly, End of Period",Millions of Dollars,Not Seasonally Adjusted,1966-01-01,2026-01-01,2026-06-18 14:30:20-05,80,Treasury Bulletin,Core,High,High
T5YIE,5-Year Breakeven Inflation Rate,Core,accepted_core_seed,curated_core_series,Core,Rates/Markets,High,High,135,benchmark_core_series_id; popularity>=80; macro_market_keyword; timely_frequency; standard_macro_units,85,Daily,Percent,Not Seasonally Adjusted,2003-01-02,2026-07-22,2026-07-22 16:03:22-05,304,Interest Rate Spreads,Core,High,High
CSUSHPINSA,S&P Cotality Case-Shiller U.S. National Home Price Index,Core,accepted_core_seed,curated_core_series,Core,Housing,High,High,135,benchmark_core_series_id; popularity>=80; macro_market_keyword; timely_frequency; standard_macro_units,84,Monthly,Index Jan 2000=100,Not Seasonally Adjusted,1987-01-01,2026-04-01,2026-07-02 10:43:00-05,199,S&P Cotality Case-Shiller Home Price Indices,Core,High,High
DGS30,"Market Yield on U.S. Treasury Securities at 30-Year Constant Maturity, Quoted on an Investment Basis",Core,accepted_core_seed,curated_core_series,Core,Rates/Markets,High,High,135,benchmark_core_series_id; popularity>=80; macro_market_keyword; timely_frequency; standard_macro_units,84,Daily,Percent,Not Seasonally Adjusted,1977-02-15,2026-07-21,2026-07-22 15:16:29-05,18,H.15 Selected Interest Rates,Core,High,High
DGS1,"Market Yield on U.S. Treasury Securities at 1-Year Constant Maturity, Quoted on an Investment Basis",Core,accepted_core_seed,curated_core_series,Core,Rates/Markets,High,High,135,benchmark_core_series_id; popularity>=80; macro_market_keyword; timely_frequency; standard_macro_units,83,Daily,Percent,Not Seasonally Adjusted,1962-01-02,2026-07-21,2026-07-22 15:16:29-05,18,H.15 Selected Interest Rates,Core,High,High
UMCSENT,University of Michigan: Consumer Sentiment,Core,accepted_core_seed,curated_core_series,Core,Consumer,High,High,135,benchmark_core_series_id; popularity>=80; macro_market_keyword; timely_frequency; standard_macro_units,83,Monthly,Index 1966:Q1=100,Not Seasonally Adjusted,1952-11-01,2026-05-01,2026-06-26 12:22:18-05,91,Surveys of Consumers,Core,High,High
CPIAUCNS,Consumer Price Index for All Urban Consumers: All Items in U.S. City Average,Core,accepted_core_seed,curated_core_series,Core,Inflation/Prices,High,High,135,benchmark_core_series_id; popularity>=80; macro_market_keyword; timely_frequency; standard_macro_units,81,Monthly,Index 1982-1984=100,Not Seasonally Adjusted,1913-01-01,2026-06-01,2026-07-14 08:10:39-05,10,Consumer Price Index,Core,High,High
NFCI,Chicago Fed National Financial Conditions Index,Core,accepted_core_seed,curated_core_series,Core,Money/Credit/Banking,High,High,135,benchmark_core_series_id; popularity>=80; macro_market_keyword; timely_frequency; standard_macro_units,81,"Weekly, Ending Friday",Index,Not Seasonally Adjusted,1971-01-08,2026-07-17,2026-07-22 07:38:20-05,221,Chicago Fed National Financial Conditions Index,Core,High,High
PCE,Personal Consumption Expenditures,Core,accepted_core_seed,curated_core_series,Core,Consumer,High,High,130,benchmark_core_series_id; popularity>=60; macro_market_keyword; timely_frequency; seasonally_adjusted; standard_macro_units,79,Monthly,Billions of Dollars,Seasonally Adjusted Annual Rate,1959-01-01,2026-05-01,2026-06-25 07:43:22-05,54,Personal Income and Outlays,Core,High,High
M1SL,M1,Core,accepted_core_seed,curated_core_series,Core,Money/Credit/Banking,High,High,130,benchmark_core_series_id; popularity>=60; macro_market_keyword; timely_frequency; seasonally_adjusted; standard_macro_units,78,Monthly,Billions of Dollars,Seasonally Adjusted,1959-01-01,2026-05-01,2026-06-23 12:01:20-05,21,H.6 Money Stock Measures,Core,High,High
PCEPILFE,Personal Consumption Expenditures Excluding Food and Energy (Chain-Type Price Index),Core,accepted_core_seed,curated_core_series,Core,Inflation/Prices,High,High,130,benchmark_core_series_id; popularity>=60; macro_market_keyword; timely_frequency; seasonally_adjusted; standard_macro_units,78,Monthly,Index 2017=100,Seasonally Adjusted,1959-01-01,2026-05-01,2026-06-25 07:43:26-05,54,Personal Income and Outlays,Core,High,High
A191RL1Q225SBEA,Real Gross Domestic Product,Core,accepted_core_seed,curated_core_series,Core,Growth/Output,High,High,130,benchmark_core_series_id; popularity>=60; macro_market_keyword; timely_frequency; seasonally_adjusted; standard_macro_units,74,Quarterly,Percent Change from Preceding Period,Seasonally Adjusted Annual Rate,1947-04-01,2026-01-01,2026-06-25 07:52:21-05,53,Gross Domestic Product,Core,High,High
EXHOSLUSM495S,Existing Home Sales,Core,accepted_core_seed,curated_core_series,Core,Housing,High,High,130,benchmark_core_series_id; popularity>=60; macro_market_keyword; timely_frequency; seasonally_adjusted; standard_macro_units,74,Monthly,Number of Units,Seasonally Adjusted Annual Rate,2025-06-01,2026-06-01,2026-07-09 09:17:28-05,291,Existing Home Sales,Core,High,High
DSPIC96,Real Disposable Personal Income,Core,accepted_core_seed,curated_core_series,Core,Consumer,High,High,130,benchmark_core_series_id; popularity>=60; macro_market_keyword; timely_frequency; seasonally_adjusted; standard_macro_units,73,Monthly,Billions of Chained 2017 Dollars,Seasonally Adjusted Annual Rate,1959-01-01,2026-05-01,2026-06-25 07:43:29-05,54,Personal Income and Outlays,Core,High,High
PCEC96,Real Personal Consumption Expenditures,Core,accepted_core_seed,curated_core_series,Core,Consumer,High,High,130,benchmark_core_series_id; popularity>=60; macro_market_keyword; timely_frequency; seasonally_adjusted; standard_macro_units,73,Monthly,Billions of Chained 2017 Dollars,Seasonally Adjusted Annual Rate,2007-01-01,2026-05-01,2026-06-25 07:43:23-05,54,Personal Income and Outlays,Core,High,High
CCSA,Continued Claims (Insured Unemployment),Core,accepted_core_seed,curated_core_series,Core,Labor,High,High,130,benchmark_core_series_id; popularity>=60; macro_market_keyword; timely_frequency; seasonally_adjusted; standard_macro_units,69,"Weekly, Ending Saturday",Number,Seasonally Adjusted,1967-01-07,2026-07-04,2026-07-16 07:34:19-05,180,Unemployment Insurance Weekly Claims Report,Core,High,High
BOPGSTB,"Trade Balance: Goods and Services, Balance of Payments Basis",Core,accepted_core_seed,curated_core_series,Core,Trade/Fiscal,High,High,130,benchmark_core_series_id; popularity>=60; macro_market_keyword; timely_frequency; seasonally_adjusted; standard_macro_units,68,Monthly,Millions of Dollars,Seasonally Adjusted,1992-01-01,2026-05-01,2026-07-07 13:32:28-05,51,U.S. International Trade in Goods and Services,Core,High,High
RSAFS,Advance Retail Sales: Retail Trade and Food Services,Core,accepted_core_seed,curated_core_series,Core,Consumer,High,High,130,benchmark_core_series_id; popularity>=60; macro_market_keyword; timely_frequency; seasonally_adjusted; standard_macro_units,68,Monthly,Millions of Dollars,Seasonally Adjusted,1992-01-01,2026-06-01,2026-07-16 07:36:16-05,9,Advance Monthly Sales for Retail and Food Services,Core,High,High
BUSLOANS,"Commercial and Industrial Loans, All Commercial Banks",Core,accepted_core_seed,curated_core_series,Core,Money/Credit/Banking,High,High,130,benchmark_core_series_id; popularity>=60; macro_market_keyword; timely_frequency; seasonally_adjusted; standard_macro_units,67,Monthly,Billions of U.S. Dollars,Seasonally Adjusted,1947-01-01,2026-06-01,2026-07-17 15:32:08-05,22,H.8 Assets and Liabilities of Commercial Banks in the United States,Core,High,High
TCU,Capacity Utilization: Total Index,Core,accepted_core_seed,curated_core_series,Core,Growth/Output,High,High,130,benchmark_core_series_id; popularity>=60; macro_market_keyword; timely_frequency; seasonally_adjusted; standard_macro_units,66,Monthly,Percent,Seasonally Adjusted,1967-01-01,2026-06-01,2026-07-17 08:18:26-05,13,G.17 Industrial Production and Capacity Utilization,Core,High,High
TOTLL,"Loans and Leases in Bank Credit, All Commercial Banks",Core,accepted_core_seed,curated_core_series,Core,Money/Credit/Banking,High,High,130,benchmark_core_series_id; popularity>=60; macro_market_keyword; timely_frequency; seasonally_adjusted; standard_macro_units,66,"Weekly, Ending Wednesday",Billions of U.S. Dollars,Seasonally Adjusted,1973-01-03,2026-07-08,2026-07-17 15:22:52-05,22,H.8 Assets and Liabilities of Commercial Banks in the United States,Core,High,High
EMRATIO,Employment-Population Ratio,Core,accepted_core_seed,curated_core_series,Core,Labor,High,High,130,benchmark_core_series_id; popularity>=60; macro_market_keyword; timely_frequency; seasonally_adjusted; standard_macro_units,64,Monthly,Percent,Seasonally Adjusted,1948-01-01,2026-06-01,2026-07-02 08:33:20-05,50,Employment Situation,Core,High,High
PPIFIS,Producer Price Index by Commodity: Final Demand,Core,accepted_core_seed,curated_core_series,Core,Inflation/Prices,High,High,130,benchmark_core_series_id; popularity>=60; macro_market_keyword; timely_frequency; seasonally_adjusted; standard_macro_units,64,Monthly,Index Nov 2009=100,Seasonally Adjusted,2009-11-01,2026-06-01,2026-07-15 09:51:51-05,46,Producer Price Index,Core,High,High
AHETPI,"Average Hourly Earnings of Production and Nonsupervisory Employees, Total Private",Core,accepted_core_seed,curated_core_series,Core,Labor,High,High,130,benchmark_core_series_id; popularity>=60; macro_market_keyword; timely_frequency; seasonally_adjusted; standard_macro_units,63,Monthly,Dollars per Hour,Seasonally Adjusted,1964-01-01,2026-06-01,2026-07-02 08:34:01-05,50,Employment Situation,Core,High,High
DGS3MO,"Market Yield on U.S. Treasury Securities at 3-Month Constant Maturity, Quoted on an Investment Basis",Core,accepted_core_seed,curated_core_series,Core,Rates/Markets,High,High,125,benchmark_core_series_id; popularity>=60; macro_market_keyword; timely_frequency; standard_macro_units,79,Daily,Percent,Not Seasonally Adjusted,1981-09-01,2026-07-21,2026-07-22 15:16:24-05,18,H.15 Selected Interest Rates,Core,High,High
PPIACO,Producer Price Index by Commodity: All Commodities,Core,accepted_core_seed,curated_core_series,Core,Inflation/Prices,High,High,125,benchmark_core_series_id; popularity>=60; macro_market_keyword; timely_frequency; standard_macro_units,78,Monthly,Index 1982=100,Not Seasonally Adjusted,1913-01-01,2026-06-01,2026-07-15 09:51:38-05,46,Producer Price Index,Core,High,High
DGS1MO,"Market Yield on U.S. Treasury Securities at 1-Month Constant Maturity, Quoted on an Investment Basis",Core,accepted_core_seed,curated_core_series,Core,Rates/Markets,High,High,125,benchmark_core_series_id; popularity>=60; macro_market_keyword; timely_frequency; standard_macro_units,74,Daily,Percent,Not Seasonally Adjusted,2001-07-31,2026-07-21,2026-07-22 15:16:22-05,18,H.15 Selected Interest Rates,Core,High,High
TOTRESNS,Reserves of Depository Institutions: Total,Core,accepted_core_seed,curated_core_series,Core,Money/Credit/Banking,High,High,125,benchmark_core_series_id; popularity>=60; macro_market_keyword; timely_frequency; standard_macro_units,74,Monthly,Billions of Dollars,Not Seasonally Adjusted,1959-01-01,2026-05-01,2026-06-23 12:01:28-05,21,H.6 Money Stock Measures,Core,High,High
MICH,University of Michigan: Inflation Expectation,Core,accepted_core_seed,curated_core_series,Core,Inflation/Prices,High,High,125,benchmark_core_series_id; popularity>=60; macro_market_keyword; timely_frequency; standard_macro_units,70,Monthly,Percent,Not Seasonally Adjusted,1978-01-01,2026-05-01,2026-06-26 12:22:17-05,91,Surveys of Consumers,Core,High,High
DGS6MO,"Market Yield on U.S. Treasury Securities at 6-Month Constant Maturity, Quoted on an Investment Basis",Core,accepted_core_seed,curated_core_series,Core,Rates/Markets,High,High,125,benchmark_core_series_id; popularity>=60; macro_market_keyword; timely_frequency; standard_macro_units,68,Daily,Percent,Not Seasonally Adjusted,1981-09-01,2026-07-21,2026-07-22 15:16:30-05,18,H.15 Selected Interest Rates,Core,High,High
PI,Personal Income,Core,accepted_core_seed,curated_core_series,Core,Consumer,High,High,123,benchmark_core_series_id; popularity>=40; macro_market_keyword; timely_frequency; seasonally_adjusted; standard_macro_units,58,Monthly,Billions of Dollars,Seasonally Adjusted Annual Rate,1959-01-01,2026-05-01,2026-06-25 07:43:20-05,54,Personal Income and Outlays,Core,High,High
EXPGS,Exports of Goods and Services,Core,accepted_core_seed,curated_core_series,Core,Trade/Fiscal,High,High,123,benchmark_core_series_id; popularity>=40; macro_market_keyword; timely_frequency; seasonally_adjusted; standard_macro_units,53,Quarterly,Billions of Dollars,Seasonally Adjusted Annual Rate,1947-01-01,2026-01-01,2026-06-25 07:51:17-05,53,Gross Domestic Product,Core,High,High
IMPGS,Imports of Goods and Services,Core,accepted_core_seed,curated_core_series,Core,Trade/Fiscal,High,High,123,benchmark_core_series_id; popularity>=40; macro_market_keyword; timely_frequency; seasonally_adjusted; standard_macro_units,53,Quarterly,Billions of Dollars,Seasonally Adjusted Annual Rate,1947-01-01,2026-01-01,2026-06-25 07:51:18-05,53,Gross Domestic Product,Core,High,High
NETEXP,Net Exports of Goods and Services,Core,accepted_core_seed,curated_core_series,Core,Trade/Fiscal,High,High,123,benchmark_core_series_id; popularity>=40; macro_market_keyword; timely_frequency; seasonally_adjusted; standard_macro_units,52,Quarterly,Billions of Dollars,Seasonally Adjusted Annual Rate,1947-01-01,2026-01-01,2026-06-25 07:50:38-05,53,Gross Domestic Product,Core,High,High
GDI,Gross Domestic Income,Core,accepted_core_seed,curated_core_series,Core,Growth/Output,High,High,123,benchmark_core_series_id; popularity>=40; macro_market_keyword; timely_frequency; seasonally_adjusted; standard_macro_units,44,Quarterly,Billions of Dollars,Seasonally Adjusted Annual Rate,1947-01-01,2026-01-01,2026-06-25 07:50:52-05,53,Gross Domestic Product,Core,High,High
JTSJOL,Job Openings: Total Nonfarm,Core,accepted_core_seed,curated_core_series,Core,Labor,High,High,115,benchmark_core_series_id; popularity>=60; macro_market_keyword; timely_frequency; seasonally_adjusted,79,Monthly,Level in Thousands,Seasonally Adjusted,2000-12-01,2026-05-01,2026-06-30 09:14:42-05,192,Job Openings and Labor Turnover Survey,Core,High,High
PAYEMS,"All Employees, Total Nonfarm",Core,accepted_core_seed,curated_core_series,Core,Other/Unclassified,High,High,100,benchmark_core_series_id; popularity>=80; timely_frequency; seasonally_adjusted,84,Monthly,Thousands of Persons,Seasonally Adjusted,1939-01-01,2026-06-01,2026-07-02 08:31:46-05,50,Employment Situation,Core,High,High
HOUST,New Privately-Owned Housing Units Started: Total Units,Core,accepted_core_seed,curated_core_series,Core,Housing,High,High,100,benchmark_core_series_id; popularity>=80; timely_frequency; seasonally_adjusted,80,Monthly,Thousands of Units,Seasonally Adjusted Annual Rate,1959-01-01,2026-06-01,2026-07-17 07:33:53-05,27,New Residential Construction,Core,High,High
EXPINF1YR,1-Year Expected Inflation,Core,accepted_core_seed,curated_core_series,Core,Other/Unclassified,High,High,100,benchmark_core_series_id; popularity>=60; timely_frequency; standard_macro_units,69,Monthly,Percent,Not Seasonally Adjusted,1982-01-01,2026-07-01,2026-07-14 15:04:18-05,500,Inflation Expectations,Core,High,High
EXPINF5YR,5-Year Expected Inflation,Core,accepted_core_seed,curated_core_series,Core,Other/Unclassified,High,High,93,benchmark_core_series_id; popularity>=40; timely_frequency; standard_macro_units,59,Monthly,Percent,Not Seasonally Adjusted,1982-01-01,2026-07-01,2026-07-14 15:04:20-05,500,Inflation Expectations,Core,High,High
HSN1F,New One Family Houses Sold: United States,Core,accepted_core_seed,curated_core_series,Core,Housing,High,High,90,benchmark_core_series_id; popularity>=60; timely_frequency; seasonally_adjusted,72,Monthly,Thousands,Seasonally Adjusted Annual Rate,1963-01-01,2026-05-01,2026-06-24 09:03:32-05,97,New Residential Sales,Core,High,High
PERMIT,New Privately-Owned Housing Units Authorized in Permit-Issuing Places: Total Units,Core,accepted_core_seed,curated_core_series,Core,Housing,High,High,90,benchmark_core_series_id; popularity>=60; timely_frequency; seasonally_adjusted,72,Monthly,Thousands of Units,Seasonally Adjusted Annual Rate,1960-01-01,2026-06-01,2026-07-17 07:33:52-05,27,New Residential Construction,Core,High,High
AWHMAN,"Average Weekly Hours of Production and Nonsupervisory Employees, Manufacturing",Core,accepted_core_seed,curated_core_series,Core,Other/Unclassified,High,High,83,benchmark_core_series_id; popularity>=40; timely_frequency; seasonally_adjusted,45,Monthly,Hours,Seasonally Adjusted,1939-01-01,2026-06-01,2026-07-02 08:33:51-05,50,Employment Situation,Core,High,High
DRCCLACBS,"Delinquency Rate on Credit Card Loans, All Commercial Banks",Candidate-Core,needs_review,core_watchlist_series,Candidate-Core,Money/Credit/Banking,Medium,High,90,popularity>=80; macro_market_keyword; timely_frequency; seasonally_adjusted; standard_macro_units,82,"Quarterly, End of Period",Percent,Seasonally Adjusted,1991-01-01,2026-01-01,2026-05-19 08:08:24-05,231,Charge-Off and Delinquency Rates on Loans and Leases at Commercial Banks,Candidate-Core,Medium,High
CORESTICKM159SFRBATL,Sticky Price Consumer Price Index less Food and Energy,Candidate-Core,needs_review,core_watchlist_series,Candidate-Core,Inflation/Prices,Medium,High,90,popularity>=80; macro_market_keyword; timely_frequency; seasonally_adjusted; standard_macro_units,81,Monthly,Percent Change from Year Ago,Seasonally Adjusted,1968-01-01,2026-06-01,2026-07-14 12:02:18-05,313,Sticky Price CPI,Core,High,High
WTREGEN,"Liabilities and Capital: Liabilities: Deposits with F.R. Banks, Other Than Reserve Balances: U.S. Treasury, General Account: Week Average",Candidate-Core,needs_review,core_watchlist_series,Candidate-Core,Rates/Markets,Medium,High,85,popularity>=80; macro_market_keyword; timely_frequency; standard_macro_units,88,"Weekly, Ending Wednesday",Millions of U.S. Dollars,Not Seasonally Adjusted,2002-12-18,2026-07-15,2026-07-16 15:31:01-05,20,H.4.1 Factors Affecting Reserve Balances,Core,High,High
BAMLH0A0HYM2EY,ICE BofA US High Yield Index Effective Yield,Candidate-Core,needs_review,core_watchlist_series,Candidate-Core,Rates/Markets,Medium,High,85,popularity>=80; macro_market_keyword; timely_frequency; standard_macro_units,85,"Daily, Close",Percent,Not Seasonally Adjusted,2023-07-24,2026-07-21,2026-07-22 09:06:14-05,209,ICE BofA Indices,Candidate-Core,Medium,High
BAMLC0A4CBBB,ICE BofA BBB US Corporate Index Option-Adjusted Spread,Candidate-Core,needs_review,core_watchlist_series,Candidate-Core,Rates/Markets,Medium,High,85,popularity>=80; macro_market_keyword; timely_frequency; standard_macro_units,84,"Daily, Close",Percent,Not Seasonally Adjusted,2023-07-24,2026-07-21,2026-07-22 09:06:46-05,209,ICE BofA Indices,Candidate-Core,Medium,High
WM2NS,M2,Candidate-Core,needs_review,core_watchlist_series,Candidate-Core,Money/Credit/Banking,Medium,High,85,popularity>=80; macro_market_keyword; timely_frequency; standard_macro_units,84,"Weekly, Ending Monday",Billions of Dollars,Not Seasonally Adjusted,1981-01-05,2026-06-01,2026-06-23 12:01:17-05,21,H.6 Money Stock Measures,Candidate-Core,Medium,High
DTWEXBGS,Nominal Broad U.S. Dollar Index,Candidate-Core,needs_review,core_watchlist_series,Candidate-Core,Rates/Markets,Medium,High,85,popularity>=80; macro_market_keyword; timely_frequency; standard_macro_units,83,Daily,Index Jan 2006=100,Not Seasonally Adjusted,2006-01-02,2026-07-17,2026-07-20 15:16:40-05,17,H.10 Foreign Exchange Rates,Candidate-Core,Medium,High
T5YIFR,"5-Year, 5-Year Forward Inflation Expectation Rate",Candidate-Core,needs_review,core_watchlist_series,Candidate-Core,Inflation/Prices,Medium,High,85,popularity>=80; macro_market_keyword; timely_frequency; standard_macro_units,83,Daily,Percent,Not Seasonally Adjusted,2003-01-02,2026-07-22,2026-07-22 16:03:23-05,304,Interest Rate Spreads,Candidate-Core,Medium,High
DFEDTARU,Federal Funds Target Range - Upper Limit,Candidate-Core,needs_review,core_watchlist_series,Candidate-Core,Rates/Markets,Medium,High,85,popularity>=80; macro_market_keyword; timely_frequency; standard_macro_units,82,"Daily, 7-Day",Percent,Not Seasonally Adjusted,2008-12-16,2026-07-22,2026-07-22 09:15:39-05,101,FOMC Press Release,Core,High,High
WRESBAL,Liabilities and Capital: Other Factors Draining Reserve Balances: Reserve Balances with Federal Reserve Banks: Week Average,Candidate-Core,needs_review,core_watchlist_series,Candidate-Core,Money/Credit/Banking,Medium,High,85,popularity>=80; macro_market_keyword; timely_frequency; standard_macro_units,82,"Weekly, Ending Wednesday",Millions of U.S. Dollars,Not Seasonally Adjusted,2002-12-18,2026-07-15,2026-07-16 15:31:05-05,20,H.4.1 Factors Affecting Reserve Balances,Candidate-Core,Medium,High
DBAA,Moody's Seasoned Baa Corporate Bond Yield,Candidate-Core,needs_review,core_watchlist_series,Candidate-Core,Rates/Markets,Medium,High,85,popularity>=80; macro_market_keyword; timely_frequency; standard_macro_units,81,Daily,Percent,Not Seasonally Adjusted,1986-01-02,2026-07-21,2026-07-22 15:56:48-05,427,Moody's Daily Corporate Bond Yield Averages,Candidate-Core,Medium,High
EFFR,Effective Federal Funds Rate,Candidate-Core,needs_review,core_watchlist_series,Candidate-Core,Rates/Markets,Medium,High,85,popularity>=80; macro_market_keyword; timely_frequency; standard_macro_units,81,Daily,Percent,Not Seasonally Adjusted,2000-07-03,2026-07-21,2026-07-22 08:02:15-05,378,Federal Funds Data,Core,High,High
SOFR30DAYAVG,30-Day Average SOFR,Candidate-Core,needs_review,core_watchlist_series,Candidate-Core,Rates/Markets,Medium,High,85,popularity>=80; macro_market_keyword; timely_frequency; standard_macro_units,81,Daily,Percent,Not Seasonally Adjusted,2018-05-02,2026-07-22,2026-07-22 07:02:18-05,483,SOFR Averages and Index Data,Candidate-Core,Medium,High
BAMLH0A3HYC,ICE BofA CCC & Lower US High Yield Index Option-Adjusted Spread,Candidate-Core,needs_review,core_watchlist_series,Candidate-Core,Rates/Markets,Medium,High,85,popularity>=80; macro_market_keyword; timely_frequency; standard_macro_units,80,"Daily, Close",Percent,Not Seasonally Adjusted,2023-07-24,2026-07-21,2026-07-22 09:06:15-05,209,ICE BofA Indices,Candidate-Core,Medium,High
IORB,Interest Rate on Reserve Balances (IORB Rate),Candidate-Core,needs_review,core_watchlist_series,Candidate-Core,Money/Credit/Banking,Medium,High,85,popularity>=80; macro_market_keyword; timely_frequency; standard_macro_units,80,"Daily, 7-Day",Percent,Not Seasonally Adjusted,2021-07-29,2026-07-23,2026-07-22 15:31:17-05,185,Interest Rate on Reserve Balances,Candidate-Core,Medium,High
CUSR0000SETA02,Consumer Price Index for All Urban Consumers: Used Cars and Trucks in U.S. City Average,Candidate-Core,needs_review,core_watchlist_series,Candidate-Core,Inflation/Prices,Medium,High,80,popularity>=60; macro_market_keyword; timely_frequency; seasonally_adjusted; standard_macro_units,77,Monthly,Index 1982-1984=100,Seasonally Adjusted,1953-01-01,2026-06-01,2026-07-14 08:10:37-05,10,Consumer Price Index,Core,High,High
DRSFRMACBS,"Delinquency Rate on Single-Family Residential Mortgages, Booked in Domestic Offices, All Commercial Banks",Candidate-Core,needs_review,core_watchlist_series,Candidate-Core,Housing,Medium,High,80,popularity>=60; macro_market_keyword; timely_frequency; seasonally_adjusted; standard_macro_units,77,"Quarterly, End of Period",Percent,Seasonally Adjusted,1991-01-01,2026-01-01,2026-05-19 08:08:22-05,231,Charge-Off and Delinquency Rates on Loans and Leases at Commercial Banks,Candidate-Core,Medium,High
A939RX0Q048SBEA,Real gross domestic product per capita,Candidate-Core,needs_review,core_watchlist_series,Candidate-Core,Growth/Output,Medium,High,80,popularity>=60; macro_market_keyword; timely_frequency; seasonally_adjusted; standard_macro_units,74,Quarterly,Chained 2017 Dollars,Seasonally Adjusted Annual Rate,1947-01-01,2026-01-01,2026-06-25 07:52:01-05,53,Gross Domestic Product,Core,High,High
CSUSHPISA,S&P Cotality Case-Shiller U.S. National Home Price Index,Candidate-Core,needs_review,core_watchlist_series,Candidate-Core,Housing,Medium,High,80,popularity>=60; macro_market_keyword; timely_frequency; seasonally_adjusted; standard_macro_units,73,Monthly,Index Jan 2000=100,Seasonally Adjusted,1987-01-01,2026-04-01,2026-07-02 10:41:41-05,199,S&P Cotality Case-Shiller Home Price Indices,Candidate-Core,High,High
CCLACBW027SBOG,"Consumer Loans: Credit Cards and Other Revolving Plans, All Commercial Banks",Candidate-Core,needs_review,core_watchlist_series,Candidate-Core,Money/Credit/Banking,Medium,High,80,popularity>=60; macro_market_keyword; timely_frequency; seasonally_adjusted; standard_macro_units,72,"Weekly, Ending Wednesday",Billions of U.S. Dollars,Seasonally Adjusted,2000-06-28,2026-07-08,2026-07-17 15:38:59-05,22,H.8 Assets and Liabilities of Commercial Banks in the United States,Candidate-Core,Medium,High
TDSP,Household Debt Service Payments as a Percent of Disposable Personal Income,Candidate-Core,needs_review,core_watchlist_series,Candidate-Core,Consumer,Medium,High,80,popularity>=60; macro_market_keyword; timely_frequency; seasonally_adjusted; standard_macro_units,72,Quarterly,Percent,Seasonally Adjusted,2005-01-01,2026-01-01,2026-06-22 09:31:17-05,89,Household Debt Service Ratios,Core,High,High
A091RC1Q027SBEA,Federal government current expenditures: Interest payments,Candidate-Core,needs_review,core_watchlist_series,Candidate-Core,Trade/Fiscal,Medium,High,80,popularity>=60; macro_market_keyword; timely_frequency; seasonally_adjusted; standard_macro_units,71,Quarterly,Billions of Dollars,Seasonally Adjusted Annual Rate,1947-01-01,2026-01-01,2026-04-30 07:51:03-05,53,Gross Domestic Product,Candidate-Core,Medium,High
DPCCRV1Q225SBEA,Personal Consumption Expenditures (PCE) Excluding Food and Energy (Chain-Type Price Index),Candidate-Core,needs_review,core_watchlist_series,Candidate-Core,Inflation/Prices,Medium,High,80,popularity>=60; macro_market_keyword; timely_frequency; seasonally_adjusted; standard_macro_units,71,Quarterly,Percent Change from Preceding Period,Seasonally Adjusted Annual Rate,1959-04-01,2026-01-01,2026-05-28 07:48:23-05,53,Gross Domestic Product,Core,High,High
DRCLACBS,"Delinquency Rate on Consumer Loans, All Commercial Banks",Candidate-Core,needs_review,core_watchlist_series,Candidate-Core,Money/Credit/Banking,Medium,High,80,popularity>=60; macro_market_keyword; timely_frequency; seasonally_adjusted; standard_macro_units,71,"Quarterly, End of Period",Percent,Seasonally Adjusted,1987-01-01,2026-01-01,2026-05-19 08:08:26-05,231,Charge-Off and Delinquency Rates on Loans and Leases at Commercial Banks,Candidate-Core,Medium,High
U6RATE,"Total Unemployed, Plus All Persons Marginally Attached to the Labor Force, Plus Total Employed Part Time for Economic Reasons, as a Percent of the Civilian Labor Force Plus All Persons Marginally Attached to the Labor Force (U-6)",Candidate-Core,needs_review,core_watchlist_series,Candidate-Core,Labor,Medium,High,80,popularity>=60; macro_market_keyword; timely_frequency; seasonally_adjusted; standard_macro_units,71,Monthly,Percent,Seasonally Adjusted,1994-01-01,2026-06-01,2026-07-02 08:31:35-05,50,Employment Situation,Candidate-Core,High,High
GDPDEF,Gross Domestic Product: Implicit Price Deflator,Candidate-Core,needs_review,core_watchlist_series,Candidate-Core,Growth/Output,Medium,High,80,popularity>=60; macro_market_keyword; timely_frequency; seasonally_adjusted; standard_macro_units,70,Quarterly,Index 2017=100,Seasonally Adjusted,1947-01-01,2026-01-01,2026-06-25 07:51:15-05,53,Gross Domestic Product,Core,High,High
OPHNFB,Nonfarm Business Sector: Labor Productivity (Output per Hour) for All Workers,Candidate-Core,needs_review,core_watchlist_series,Candidate-Core,Growth/Output,Medium,High,80,popularity>=60; macro_market_keyword; timely_frequency; seasonally_adjusted; standard_macro_units,70,Quarterly,Index 2017=100,Seasonally Adjusted,1947-01-01,2026-01-01,2026-06-04 07:42:11-05,47,Productivity and Costs,Candidate-Core,Medium,High
RSXFS,Advance Retail Sales: Retail Trade,Candidate-Core,needs_review,core_watchlist_series,Candidate-Core,Consumer,Medium,High,80,popularity>=60; macro_market_keyword; timely_frequency; seasonally_adjusted; standard_macro_units,70,Monthly,Millions of Dollars,Seasonally Adjusted,1992-01-01,2026-06-01,2026-07-16 07:36:13-05,9,Advance Monthly Sales for Retail and Food Services,Core,High,High
DPSACBW027SBOG,"Deposits, All Commercial Banks",Candidate-Core,needs_review,core_watchlist_series,Candidate-Core,Money/Credit/Banking,Medium,High,80,popularity>=60; macro_market_keyword; timely_frequency; seasonally_adjusted; standard_macro_units,69,"Weekly, Ending Wednesday",Billions of U.S. Dollars,Seasonally Adjusted,1973-01-03,2026-07-08,2026-07-17 15:35:38-05,22,H.8 Assets and Liabilities of Commercial Banks in the United States,Candidate-Core,Medium,High
GDPNOW,GDPNow,Candidate-Core,needs_review,core_watchlist_series,Candidate-Core,Growth/Output,Medium,High,80,popularity>=60; macro_market_keyword; timely_frequency; seasonally_adjusted; standard_macro_units,69,Quarterly,Percent Change at Annual Rate,Seasonally Adjusted Annual Rate,2011-07-01,2026-04-01,2026-07-17 10:19:20-05,386,GDPNow,Candidate-Core,High,High
LNS11300060,Labor Force Participation Rate - 25-54 Yrs.,Candidate-Core,needs_review,core_watchlist_series,Candidate-Core,Labor,Medium,High,80,popularity>=60; macro_market_keyword; timely_frequency; seasonally_adjusted; standard_macro_units,69,Monthly,Percent,Seasonally Adjusted,1948-01-01,2026-06-01,2026-07-02 08:33:10-05,50,Employment Situation,Candidate-Core,High,High
TOTBKCR,"Bank Credit, All Commercial Banks",Candidate-Core,needs_review,core_watchlist_series,Candidate-Core,Money/Credit/Banking,Medium,High,80,popularity>=60; macro_market_keyword; timely_frequency; seasonally_adjusted; standard_macro_units,69,"Weekly, Ending Wednesday",Billions of U.S. Dollars,Seasonally Adjusted,1973-01-03,2026-07-08,2026-07-17 15:19:20-05,22,H.8 Assets and Liabilities of Commercial Banks in the United States,Candidate-Core,Medium,High
MEDCPIM158SFRBCLE,Median Consumer Price Index,Candidate-Core,needs_review,core_watchlist_series,Candidate-Core,Inflation/Prices,Medium,High,80,popularity>=60; macro_market_keyword; timely_frequency; seasonally_adjusted; standard_macro_units,68,Monthly,Percent Change at Annual Rate,Seasonally Adjusted,1983-01-01,2026-06-01,2026-07-14 10:05:13-05,315,Current Median CPI,Core,High,High
CUSR0000SAF11,Consumer Price Index for All Urban Consumers: Food at Home in U.S. City Average,Candidate-Core,needs_review,core_watchlist_series,Candidate-Core,Inflation/Prices,Medium,High,80,popularity>=60; macro_market_keyword; timely_frequency; seasonally_adjusted; standard_macro_units,67,Monthly,Index 1982-1984=100,Seasonally Adjusted,1952-01-01,2026-06-01,2026-07-14 08:10:33-05,10,Consumer Price Index,Core,High,High
DRCRELEXFACBS,"Delinquency Rate on Commercial Real Estate Loans (Excluding Farmland), Booked in Domestic Offices, All Commercial Banks",Candidate-Core,needs_review,core_watchlist_series,Candidate-Core,Money/Credit/Banking,Medium,High,80,popularity>=60; macro_market_keyword; timely_frequency; seasonally_adjusted; standard_macro_units,67,"Quarterly, End of Period",Percent,Seasonally Adjusted,1991-01-01,2026-01-01,2026-05-19 08:08:07-05,231,Charge-Off and Delinquency Rates on Loans and Leases at Commercial Banks,Candidate-Core,Medium,High
HTRUCKSSAAR,Motor Vehicle Retail Sales: Heavy Weight Trucks,Candidate-Core,needs_review,core_watchlist_series,Candidate-Core,Consumer,Medium,High,80,popularity>=60; macro_market_keyword; timely_frequency; seasonally_adjusted; standard_macro_units,67,Monthly,Millions of Units,Seasonally Adjusted Annual Rate,1967-01-01,2026-06-01,2026-07-03 13:19:12-05,93,"Supplemental Estimates, Motor Vehicles",Core,High,High
CPIUFDSL,Consumer Price Index for All Urban Consumers: Food in U.S. City Average,Candidate-Core,needs_review,core_watchlist_series,Candidate-Core,Inflation/Prices,Medium,High,80,popularity>=60; macro_market_keyword; timely_frequency; seasonally_adjusted; standard_macro_units,66,Monthly,Index 1982-1984=100,Seasonally Adjusted,1947-01-01,2026-06-01,2026-07-14 08:10:43-05,10,Consumer Price Index,Core,High,High
ECIWAG,Employment Cost Index: Wages and Salaries: Private Industry Workers,Candidate-Core,needs_review,core_watchlist_series,Candidate-Core,Labor,Medium,High,80,popularity>=60; macro_market_keyword; timely_frequency; seasonally_adjusted; standard_macro_units,66,Quarterly,Index Dec 2005=100,Seasonally Adjusted,2001-01-01,2026-01-01,2026-04-30 07:53:29-05,11,Employment Cost Index,Candidate-Core,Medium,High
IPMAN,Industrial Production: Manufacturing (NAICS),Candidate-Core,needs_review,core_watchlist_series,Candidate-Core,Growth/Output,Medium,High,80,popularity>=60; macro_market_keyword; timely_frequency; seasonally_adjusted; standard_macro_units,66,Monthly,Index 2017=100,Seasonally Adjusted,1972-01-01,2026-06-01,2026-07-17 08:19:39-05,13,G.17 Industrial Production and Capacity Utilization,Core,High,High
DSPI,Disposable Personal Income,Candidate-Core,needs_review,core_watchlist_series,Candidate-Core,Consumer,Medium,High,80,popularity>=60; macro_market_keyword; timely_frequency; seasonally_adjusted; standard_macro_units,65,Monthly,Billions of Dollars,Seasonally Adjusted Annual Rate,1959-01-01,2026-05-01,2026-06-25 07:43:28-05,54,Personal Income and Outlays,Core,High,High
LNS14024887,Unemployment Rate - 16-24 Yrs.,Candidate-Core,needs_review,core_watchlist_series,Candidate-Core,Labor,Medium,High,80,popularity>=60; macro_market_keyword; timely_frequency; seasonally_adjusted; standard_macro_units,65,Monthly,Percent,Seasonally Adjusted,1948-01-01,2026-06-01,2026-07-02 08:33:10-05,50,Employment Situation,Core,High,High
DGORDER,Manufacturers' New Orders: Durable Goods,Candidate-Core,needs_review,core_watchlist_series,Candidate-Core,Growth/Output,Medium,High,80,popularity>=60; macro_market_keyword; timely_frequency; seasonally_adjusted; standard_macro_units,64,Monthly,Millions of Dollars,Seasonally Adjusted,1992-02-01,2026-05-01,2026-07-02 09:07:26-05,95,"Manufacturer's Shipments, Inventories, and Orders (M3) Survey",Candidate-Core,High,High
IC4WSA,4-Week Moving Average of Initial Claims,Candidate-Core,needs_review,core_watchlist_series,Candidate-Core,Labor,Medium,High,80,popularity>=60; macro_market_keyword; timely_frequency; seasonally_adjusted; standard_macro_units,64,"Weekly, Ending Saturday",Number,Seasonally Adjusted,1967-01-28,2026-07-11,2026-07-16 07:34:18-05,180,Unemployment Insurance Weekly Claims Report,Candidate-Core,Medium,High
LNS14000006,Unemployment Rate - Black or African American,Candidate-Core,needs_review,core_watchlist_series,Candidate-Core,Labor,Medium,High,80,popularity>=60; macro_market_keyword; timely_frequency; seasonally_adjusted; standard_macro_units,64,Monthly,Percent,Seasonally Adjusted,1972-01-01,2026-06-01,2026-07-02 08:33:06-05,50,Employment Situation,Core,High,High
STLENI,St. Louis Fed Economic News Index: Real GDP Nowcast,Candidate-Core,needs_review,core_watchlist_series,Candidate-Core,Growth/Output,Medium,High,80,popularity>=60; macro_market_keyword; timely_frequency; seasonally_adjusted; standard_macro_units,64,Quarterly,Percent Change at Annual Rate,Seasonally Adjusted Annual Rate,2013-04-01,2026-04-01,2026-07-17 12:49:42-05,400,St. Louis Fed Economic News Index,Candidate-Core,High,High
CPIMEDSL,Consumer Price Index for All Urban Consumers: Medical Care in U.S. City Average,Candidate-Core,needs_review,core_watchlist_series,Candidate-Core,Inflation/Prices,Medium,High,80,popularity>=60; macro_market_keyword; timely_frequency; seasonally_adjusted; standard_macro_units,63,Monthly,Index 1982-1984=100,Seasonally Adjusted,1947-01-01,2026-06-01,2026-07-14 08:10:43-05,10,Consumer Price Index,Core,High,High
A229RX0,Real Disposable Personal Income: Per Capita,Candidate-Core,needs_review,core_watchlist_series,Candidate-Core,Consumer,Medium,High,80,popularity>=60; macro_market_keyword; timely_frequency; seasonally_adjusted; standard_macro_units,62,Monthly,Chained 2017 Dollars,Seasonally Adjusted Annual Rate,1959-01-01,2026-05-01,2026-06-25 07:43:38-05,54,Personal Income and Outlays,Core,High,High
BUSINV,Total Business Inventories,Candidate-Core,needs_review,core_watchlist_series,Candidate-Core,Growth/Output,Medium,High,80,popularity>=60; macro_market_keyword; timely_frequency; seasonally_adjusted; standard_macro_units,61,"Monthly, End of Period",Millions of Dollars,Seasonally Adjusted,1992-01-01,2026-05-01,2026-07-16 09:03:21-05,25,Manufacturing and Trade Inventories and Sales,Candidate-Core,Medium,High
CUSR0000SEEB,"Consumer Price Index for All Urban Consumers: Tuition, Other School Fees, and Childcare in U.S. City Average",Candidate-Core,needs_review,core_watchlist_series,Candidate-Core,Inflation/Prices,Medium,High,80,popularity>=60; macro_market_keyword; timely_frequency; seasonally_adjusted; standard_macro_units,61,Monthly,Index 1982-1984=100,Seasonally Adjusted,1978-01-01,2026-06-01,2026-07-14 08:10:37-05,10,Consumer Price Index,Core,High,High
PCETRIM12M159SFRBDAL,Trimmed Mean PCE Inflation Rate,Candidate-Core,needs_review,core_watchlist_series,Candidate-Core,Inflation/Prices,Medium,High,80,popularity>=60; macro_market_keyword; timely_frequency; seasonally_adjusted; standard_macro_units,61,Monthly,Percent Change from Year Ago,Seasonally Adjusted,1978-01-01,2026-05-01,2026-06-25 11:02:17-05,323,Trimmed Mean PCE Inflation Rate,Candidate-Core,High,High
DRBLACBS,"Delinquency Rate on Business Loans, All Commercial Banks",Candidate-Core,needs_review,core_watchlist_series,Candidate-Core,Money/Credit/Banking,Medium,High,80,popularity>=60; macro_market_keyword; timely_frequency; seasonally_adjusted; standard_macro_units,60,"Quarterly, End of Period",Percent,Seasonally Adjusted,1987-01-01,2026-01-01,2026-05-19 08:08:23-05,231,Charge-Off and Delinquency Rates on Loans and Leases at Commercial Banks,Candidate-Core,Medium,High
ECOMPCTSA,E-Commerce Retail Sales as a Percent of Total Sales,Candidate-Core,needs_review,core_watchlist_series,Candidate-Core,Consumer,Medium,High,80,popularity>=60; macro_market_keyword; timely_frequency; seasonally_adjusted; standard_macro_units,60,Quarterly,Percent,Seasonally Adjusted,1999-10-01,2026-01-01,2026-05-18 14:45:32-05,179,Quarterly Retail E-Commerce Sales,Core,High,High
LNS11300002,Labor Force Participation Rate - Women,Candidate-Core,needs_review,core_watchlist_series,Candidate-Core,Labor,Medium,High,80,popularity>=60; macro_market_keyword; timely_frequency; seasonally_adjusted; standard_macro_units,60,Monthly,Percent,Seasonally Adjusted,1948-01-01,2026-06-01,2026-07-02 08:33:12-05,50,Employment Situation,Candidate-Core,High,High
LNS12300060,Employment-Population Ratio - 25-54 Yrs.,Candidate-Core,needs_review,core_watchlist_series,Candidate-Core,Labor,Medium,High,80,popularity>=60; macro_market_keyword; timely_frequency; seasonally_adjusted; standard_macro_units,60,Monthly,Percent,Seasonally Adjusted,1948-01-01,2026-06-01,2026-07-02 08:33:18-05,50,Employment Situation,Candidate-Core,High,High
TOTALSL,Total Consumer Credit Owned and Securitized,Candidate-Core,needs_review,core_watchlist_series,Candidate-Core,Consumer,Medium,High,80,popularity>=60; macro_market_keyword; timely_frequency; seasonally_adjusted; standard_macro_units,60,Monthly,Millions of U.S. Dollars,Seasonally Adjusted,1943-01-01,2026-05-01,2026-07-08 14:01:32-05,14,G.19 Consumer Credit,Candidate-Core,Medium,High
BAA10Y,Moody's Seasoned Baa Corporate Bond Yield Relative to Yield on 10-Year Treasury Constant Maturity,Candidate-Core,needs_review,core_watchlist_series,Candidate-Core,Rates/Markets,Medium,High,75,popularity>=60; macro_market_keyword; timely_frequency; standard_macro_units,78,Daily,Percent,Not Seasonally Adjusted,1986-01-02,2026-07-21,2026-07-22 16:03:24-05,304,Interest Rate Spreads,Core,High,High
BAMLC0A4CBBBEY,ICE BofA BBB US Corporate Index Effective Yield,Candidate-Core,needs_review,core_watchlist_series,Candidate-Core,Rates/Markets,Medium,High,75,popularity>=60; macro_market_keyword; timely_frequency; standard_macro_units,78,"Daily, Close",Percent,Not Seasonally Adjusted,2023-07-24,2026-07-21,2026-07-22 09:06:43-05,209,ICE BofA Indices,Candidate-Core,Medium,High
DGS20,"Market Yield on U.S. Treasury Securities at 20-Year Constant Maturity, Quoted on an Investment Basis",Candidate-Core,needs_review,core_watchlist_series,Candidate-Core,Rates/Markets,Medium,High,75,popularity>=60; macro_market_keyword; timely_frequency; standard_macro_units,78,Daily,Percent,Not Seasonally Adjusted,1962-01-02,2026-07-21,2026-07-22 15:16:28-05,18,H.15 Selected Interest Rates,Core,High,High
TB3MS,"3-Month Treasury Bill Secondary Market Rate, Discount Basis",Candidate-Core,needs_review,core_watchlist_series,Candidate-Core,Rates/Markets,Medium,High,75,popularity>=60; macro_market_keyword; timely_frequency; standard_macro_units,78,Monthly,Percent,Not Seasonally Adjusted,1934-01-01,2026-06-01,2026-07-01 15:16:22-05,18,H.15 Selected Interest Rates,Core,High,High
BAMLH0A1HYBB,ICE BofA BB US High Yield Index Option-Adjusted Spread,Candidate-Core,needs_review,core_watchlist_series,Candidate-Core,Rates/Markets,Medium,High,75,popularity>=60; macro_market_keyword; timely_frequency; standard_macro_units,77,"Daily, Close",Percent,Not Seasonally Adjusted,2023-07-24,2026-07-21,2026-07-22 09:06:18-05,209,ICE BofA Indices,Candidate-Core,Medium,High
DAAA,Moody's Seasoned Aaa Corporate Bond Yield,Candidate-Core,needs_review,core_watchlist_series,Candidate-Core,Rates/Markets,Medium,High,75,popularity>=60; macro_market_keyword; timely_frequency; standard_macro_units,77,Daily,Percent,Not Seasonally Adjusted,1983-01-03,2026-07-21,2026-07-22 15:56:48-05,427,Moody's Daily Corporate Bond Yield Averages,Candidate-Core,Medium,High
DTB3,"3-Month Treasury Bill Secondary Market Rate, Discount Basis",Candidate-Core,needs_review,core_watchlist_series,Candidate-Core,Rates/Markets,Medium,High,75,popularity>=60; macro_market_keyword; timely_frequency; standard_macro_units,77,Daily,Percent,Not Seasonally Adjusted,1954-01-04,2026-07-21,2026-07-22 15:16:30-05,18,H.15 Selected Interest Rates,Core,High,High
AAA,Moody's Seasoned Aaa Corporate Bond Yield,Candidate-Core,needs_review,core_watchlist_series,Candidate-Core,Rates/Markets,Medium,High,75,popularity>=60; macro_market_keyword; timely_frequency; standard_macro_units,76,Monthly,Percent,Not Seasonally Adjusted,1919-01-01,2026-06-01,2026-07-01 10:31:16-05,427,Moody's Daily Corporate Bond Yield Averages,Candidate-Core,Medium,High
DEXUSEU,U.S. Dollars to Euro Spot Exchange Rate,Candidate-Core,needs_review,core_watchlist_series,Candidate-Core,Rates/Markets,Medium,High,75,popularity>=60; macro_market_keyword; timely_frequency; standard_macro_units,76,Daily,U.S. Dollars to One Euro,Not Seasonally Adjusted,1999-01-04,2026-07-17,2026-07-20 15:16:42-05,17,H.10 Foreign Exchange Rates,Candidate-Core,Medium,High
GS10,"Market Yield on U.S. Treasury Securities at 10-Year Constant Maturity, Quoted on an Investment Basis",Candidate-Core,needs_review,core_watchlist_series,Candidate-Core,Rates/Markets,Medium,High,75,popularity>=60; macro_market_keyword; timely_frequency; standard_macro_units,75,Monthly,Percent,Not Seasonally Adjusted,1953-04-01,2026-06-01,2026-07-01 15:16:36-05,18,H.15 Selected Interest Rates,Core,High,High
MORTGAGE15US,15-Year Fixed Rate Mortgage Average in the United States,Candidate-Core,needs_review,core_watchlist_series,Candidate-Core,Housing,Medium,High,75,popularity>=60; macro_market_keyword; timely_frequency; standard_macro_units,75,"Weekly, Ending Thursday",Percent,Not Seasonally Adjusted,1991-08-30,2026-07-16,2026-07-16 11:03:15-05,190,Primary Mortgage Market Survey,Candidate-Core,Medium,High
BAMLH0A3HYCEY,ICE BofA CCC & Lower US High Yield Index Effective Yield,Candidate-Core,needs_review,core_watchlist_series,Candidate-Core,Rates/Markets,Medium,High,75,popularity>=60; macro_market_keyword; timely_frequency; standard_macro_units,74,"Daily, Close",Percent,Not Seasonally Adjusted,2023-07-24,2026-07-21,2026-07-22 09:06:14-05,209,ICE BofA Indices,Candidate-Core,Medium,High
DFII5,"Market Yield on U.S. Treasury Securities at 5-Year Constant Maturity, Quoted on an Investment Basis, Inflation-Indexed",Candidate-Core,needs_review,core_watchlist_series,Candidate-Core,Rates/Markets,Medium,High,75,popularity>=60; macro_market_keyword; timely_frequency; standard_macro_units,74,Daily,Percent,Not Seasonally Adjusted,2003-01-02,2026-07-21,2026-07-22 15:16:27-05,18,H.15 Selected Interest Rates,Core,High,High
WDTGAL,"Liabilities and Capital: Liabilities: Deposits with F.R. Banks, Other Than Reserve Balances: U.S. Treasury, General Account: Wednesday Level",Candidate-Core,needs_review,core_watchlist_series,Candidate-Core,Rates/Markets,Medium,High,75,popularity>=60; macro_market_keyword; timely_frequency; standard_macro_units,74,"Weekly, As of Wednesday",Millions of U.S. Dollars,Not Seasonally Adjusted,2002-12-18,2026-07-15,2026-07-16 15:31:12-05,20,H.4.1 Factors Affecting Reserve Balances,Core,High,High
BAMLHE00EHYIOAS,ICE BofA Euro High Yield Index Option-Adjusted Spread,Candidate-Core,needs_review,core_watchlist_series,Candidate-Core,Rates/Markets,Medium,High,75,popularity>=60; macro_market_keyword; timely_frequency; standard_macro_units,73,"Daily, Close",Percent,Not Seasonally Adjusted,2023-07-24,2026-07-21,2026-07-22 09:06:15-05,209,ICE BofA Indices,Candidate-Core,Medium,High
CPIMEDNS,Consumer Price Index for All Urban Consumers: Medical Care in U.S. City Average,Candidate-Core,needs_review,core_watchlist_series,Candidate-Core,Inflation/Prices,Medium,High,75,popularity>=60; macro_market_keyword; timely_frequency; standard_macro_units,73,Monthly,Index 1982-1984=100,Not Seasonally Adjusted,1935-03-01,2026-06-01,2026-07-14 08:10:33-05,10,Consumer Price Index,Core,High,High
PCU325211325211,Producer Price Index by Industry: Plastics Material and Resin Manufacturing,Candidate-Core,needs_review,core_watchlist_series,Candidate-Core,Inflation/Prices,Medium,High,75,popularity>=60; macro_market_keyword; timely_frequency; standard_macro_units,73,Monthly,Index Dec 1980=100,Not Seasonally Adjusted,1976-06-01,2026-06-01,2026-07-15 09:55:29-05,46,Producer Price Index,Core,High,High
SOFR90DAYAVG,90-Day Average SOFR,Candidate-Core,needs_review,core_watchlist_series,Candidate-Core,Rates/Markets,Medium,High,75,popularity>=60; macro_market_keyword; timely_frequency; standard_macro_units,73,Daily,Percent,Not Seasonally Adjusted,2018-07-02,2026-07-22,2026-07-22 07:02:19-05,483,SOFR Averages and Index Data,Candidate-Core,Medium,High
CUUR0000SA0R,Consumer Price Index for All Urban Consumers: Purchasing Power of the Consumer Dollar in U.S. City Average,Candidate-Core,needs_review,core_watchlist_series,Candidate-Core,Inflation/Prices,Medium,High,75,popularity>=60; macro_market_keyword; timely_frequency; standard_macro_units,72,Monthly,Index 1982-1984=100,Not Seasonally Adjusted,1913-01-01,2026-06-01,2026-07-14 08:10:29-05,10,Consumer Price Index,Core,High,High
DGS3,"Market Yield on U.S. Treasury Securities at 3-Year Constant Maturity, Quoted on an Investment Basis",Candidate-Core,needs_review,core_watchlist_series,Candidate-Core,Rates/Markets,Medium,High,75,popularity>=60; macro_market_keyword; timely_frequency; standard_macro_units,72,Daily,Percent,Not Seasonally Adjusted,1962-01-02,2026-07-21,2026-07-22 15:16:23-05,18,H.15 Selected Interest Rates,Core,High,High
BAMLH0A1HYBBEY,ICE BofA BB US High Yield Index Effective Yield,Candidate-Core,needs_review,core_watchlist_series,Candidate-Core,Rates/Markets,Medium,High,75,popularity>=60; macro_market_keyword; timely_frequency; standard_macro_units,71,"Daily, Close",Percent,Not Seasonally Adjusted,2023-07-24,2026-07-21,2026-07-22 09:06:22-05,209,ICE BofA Indices,Candidate-Core,Medium,High
BAMLH0A2HYB,ICE BofA Single-B US High Yield Index Option-Adjusted Spread,Candidate-Core,needs_review,core_watchlist_series,Candidate-Core,Rates/Markets,Medium,High,75,popularity>=60; macro_market_keyword; timely_frequency; standard_macro_units,71,"Daily, Close",Percent,Not Seasonally Adjusted,2023-07-24,2026-07-21,2026-07-22 09:06:16-05,209,ICE BofA Indices,Candidate-Core,Medium,High
CPALTT01USM657N,Consumer Price Index: All Items: Total for United States,Candidate-Core,needs_review,core_watchlist_series,Candidate-Core,Inflation/Prices,Medium,High,75,popularity>=60; macro_market_keyword; timely_frequency; standard_macro_units,71,Monthly,Growth rate previous period,Not Seasonally Adjusted,1955-02-01,2024-03-01,2024-04-15 13:49:02-05,205,Main Economic Indicators,Core,High,High
TREAST,Assets: Securities Held Outright: U.S. Treasury Securities: All: Wednesday Level,Candidate-Core,needs_review,core_watchlist_series,Candidate-Core,Rates/Markets,Medium,High,75,popularity>=60; macro_market_keyword; timely_frequency; standard_macro_units,71,"Weekly, As of Wednesday",Millions of U.S. Dollars,Not Seasonally Adjusted,2002-12-18,2026-07-15,2026-07-16 15:31:01-05,20,H.4.1 Factors Affecting Reserve Balances,Core,High,High
BAA,Moody's Seasoned Baa Corporate Bond Yield,Candidate-Core,needs_review,core_watchlist_series,Candidate-Core,Rates/Markets,Medium,High,75,popularity>=60; macro_market_keyword; timely_frequency; standard_macro_units,70,Monthly,Percent,Not Seasonally Adjusted,1919-01-01,2026-06-01,2026-07-01 10:31:17-05,427,Moody's Daily Corporate Bond Yield Averages,Candidate-Core,Medium,High
D2WLTGAL,Liabilities and Capital: Liabilities: Deposits: U.S. Treasury General Account: Wednesday Level in Federal Reserve District 2: New York,Candidate-Core,needs_review,core_watchlist_series,Candidate-Core,Trade/Fiscal,Medium,High,75,popularity>=60; macro_market_keyword; timely_frequency; standard_macro_units,70,"Weekly, As of Wednesday",Millions of U.S. Dollars,Not Seasonally Adjusted,2002-12-18,2026-07-15,2026-07-16 15:31:11-05,20,H.4.1 Factors Affecting Reserve Balances,Core,High,High
DFII30,"Market Yield on U.S. Treasury Securities at 30-Year Constant Maturity, Quoted on an Investment Basis, Inflation-Indexed",Candidate-Core,needs_review,core_watchlist_series,Candidate-Core,Rates/Markets,Medium,High,75,popularity>=60; macro_market_keyword; timely_frequency; standard_macro_units,70,Daily,Percent,Not Seasonally Adjusted,2010-02-22,2026-07-21,2026-07-22 15:16:26-05,18,H.15 Selected Interest Rates,Core,High,High
DRTSCILM,Net Percentage of Domestic Banks Tightening Standards for Commercial and Industrial Loans to Large and Middle-Market Firms,Candidate-Core,needs_review,core_watchlist_series,Candidate-Core,Money/Credit/Banking,Medium,High,75,popularity>=60; macro_market_keyword; timely_frequency; standard_macro_units,70,Quarterly,Percent,Not Seasonally Adjusted,1990-04-01,2026-04-01,2026-05-04 13:02:22-05,191,Senior Loan Officer Opinion Survey on Bank Lending Practices,Candidate-Core,Medium,High
GDPPOT,Real Potential Gross Domestic Product,Candidate-Core,needs_review,core_watchlist_series,Candidate-Core,Growth/Output,Medium,High,75,popularity>=60; macro_market_keyword; timely_frequency; standard_macro_units,70,Quarterly,Billions of Chained 2017 Dollars,Not Seasonally Adjusted,1949-01-01,2036-10-01,2026-02-27 15:05:28-06,99,Budget and Economic Outlook,Core,High,High
GVZCLS,CBOE Gold ETF Volatility Index,Candidate-Core,needs_review,core_watchlist_series,Candidate-Core,Rates/Markets,Medium,High,75,popularity>=60; macro_market_keyword; timely_frequency; standard_macro_units,70,"Daily, Close",Index,Not Seasonally Adjusted,2008-06-03,2026-07-21,2026-07-22 08:37:25-05,200,CBOE Market Statistics,Candidate-Core,Medium,High
OBMMIVA30YF,30-Year Fixed Rate Veterans Affairs Mortgage Index,Candidate-Core,needs_review,core_watchlist_series,Candidate-Core,Housing,Medium,High,75,popularity>=60; macro_market_keyword; timely_frequency; standard_macro_units,70,Daily,Percent,Not Seasonally Adjusted,2017-01-03,2026-07-21,2026-07-22 07:02:16-05,473,Optimal Blue Mortgage Market Indices,Candidate-Core,Medium,High
PCUOMFGOMFG,Producer Price Index by Industry: Total Manufacturing Industries,Candidate-Core,needs_review,core_watchlist_series,Candidate-Core,Inflation/Prices,Medium,High,75,popularity>=60; macro_market_keyword; timely_frequency; standard_macro_units,70,Monthly,Index Dec 1984=100,Not Seasonally Adjusted,1984-12-01,2026-06-01,2026-07-15 09:51:48-05,46,Producer Price Index,Core,High,High
BAMLC0A3CA,ICE BofA Single-A US Corporate Index Option-Adjusted Spread,Candidate-Core,needs_review,core_watchlist_series,Candidate-Core,Rates/Markets,Medium,High,75,popularity>=60; macro_market_keyword; timely_frequency; standard_macro_units,69,"Daily, Close",Percent,Not Seasonally Adjusted,2023-07-24,2026-07-21,2026-07-22 09:06:45-05,209,ICE BofA Indices,Candidate-Core,Medium,High
WPU0911,"Producer Price Index by Commodity: Pulp, Paper, and Allied Products: Wood Pulp",Candidate-Core,needs_review,core_watchlist_series,Candidate-Core,Inflation/Prices,Medium,High,75,popularity>=60; macro_market_keyword; timely_frequency; standard_macro_units,69,Monthly,Index 1982=100,Not Seasonally Adjusted,1926-01-01,2026-06-01,2026-07-15 09:49:09-05,46,Producer Price Index,Core,High,High
WPUSI012011,Producer Price Index by Commodity: Special Indexes: Construction Materials,Candidate-Core,needs_review,core_watchlist_series,Candidate-Core,Inflation/Prices,Medium,High,75,popularity>=60; macro_market_keyword; timely_frequency; standard_macro_units,69,Monthly,Index 1982=100,Not Seasonally Adjusted,1947-01-01,2026-06-01,2026-07-15 09:46:26-05,46,Producer Price Index,Core,High,High
BAMLC0A0CMEY,ICE BofA US Corporate Index Effective Yield,Candidate-Core,needs_review,core_watchlist_series,Candidate-Core,Rates/Markets,Medium,High,75,popularity>=60; macro_market_keyword; timely_frequency; standard_macro_units,68,"Daily, Close",Percent,Not Seasonally Adjusted,2023-07-24,2026-07-21,2026-07-22 09:06:47-05,209,ICE BofA Indices,Candidate-Core,Medium,High
BAMLC0A1CAAA,ICE BofA AAA US Corporate Index Option-Adjusted Spread,Candidate-Core,needs_review,core_watchlist_series,Candidate-Core,Rates/Markets,Medium,High,75,popularity>=60; macro_market_keyword; timely_frequency; standard_macro_units,68,"Daily, Close",Percent,Not Seasonally Adjusted,2023-07-24,2026-07-21,2026-07-22 09:06:41-05,209,ICE BofA Indices,Candidate-Core,Medium,High
BAMLC0A1CAAAEY,ICE BofA AAA US Corporate Index Effective Yield,Candidate-Core,needs_review,core_watchlist_series,Candidate-Core,Rates/Markets,Medium,High,75,popularity>=60; macro_market_keyword; timely_frequency; standard_macro_units,68,"Daily, Close",Percent,Not Seasonally Adjusted,2023-07-24,2026-07-21,2026-07-22 09:06:49-05,209,ICE BofA Indices,Candidate-Core,Medium,High
BAMLH0A2HYBEY,ICE BofA Single-B US High Yield Index Effective Yield,Candidate-Core,needs_review,core_watchlist_series,Candidate-Core,Rates/Markets,Medium,High,75,popularity>=60; macro_market_keyword; timely_frequency; standard_macro_units,68,"Daily, Close",Percent,Not Seasonally Adjusted,2023-07-24,2026-07-21,2026-07-22 09:06:15-05,209,ICE BofA Indices,Candidate-Core,Medium,High
BAMLHE00EHYIEY,ICE BofA Euro High Yield Index Effective Yield,Candidate-Core,needs_review,core_watchlist_series,Candidate-Core,Rates/Markets,Medium,High,75,popularity>=60; macro_market_keyword; timely_frequency; standard_macro_units,68,"Daily, Close",Percent,Not Seasonally Adjusted,2023-07-24,2026-07-21,2026-07-22 09:06:14-05,209,ICE BofA Indices,Candidate-Core,Medium,High
IRLTLT01JPM156N,Interest Rates: Long-Term Government Bond Yields: 10-Year: Main (Including Benchmark) for Japan,Candidate-Core,needs_review,core_watchlist_series,Candidate-Core,Rates/Markets,Medium,High,75,popularity>=60; macro_market_keyword; timely_frequency; standard_macro_units,68,Monthly,Percent,Not Seasonally Adjusted,1989-01-01,2026-06-01,2026-07-16 15:30:27-05,205,Main Economic Indicators,Candidate-Core,Medium,High
WPU101707,Producer Price Index by Commodity: Metals and Metal Products: Cold Rolled Steel Sheet and Strip,Candidate-Core,needs_review,core_watchlist_series,Candidate-Core,Inflation/Prices,Medium,High,75,popularity>=60; macro_market_keyword; timely_frequency; standard_macro_units,68,Monthly,Index Jun 1982=100,Not Seasonally Adjusted,1982-06-01,2026-06-01,2026-07-15 09:49:09-05,46,Producer Price Index,Core,High,High
WRBWFRBL,Liabilities and Capital: Other Factors Draining Reserve Balances: Reserve Balances with Federal Reserve Banks: Wednesday Level,Candidate-Core,needs_review,core_watchlist_series,Candidate-Core,Money/Credit/Banking,Medium,High,75,popularity>=60; macro_market_keyword; timely_frequency; standard_macro_units,68,"Weekly, As of Wednesday",Millions of U.S. Dollars,Not Seasonally Adjusted,2002-12-18,2026-07-15,2026-07-16 15:31:03-05,20,H.4.1 Factors Affecting Reserve Balances,Candidate-Core,Medium,High
SOFRINDEX,SOFR Index,Candidate-Core,needs_review,core_watchlist_series,Candidate-Core,Rates/Markets,Medium,High,75,popularity>=60; macro_market_keyword; timely_frequency; standard_macro_units,67,Daily,"Index Apr 2, 2018 = 1",Not Seasonally Adjusted,2018-04-02,2026-07-22,2026-07-22 07:02:18-05,483,SOFR Averages and Index Data,Candidate-Core,Medium,High
BAMLC0A2CAA,ICE BofA AA US Corporate Index Option-Adjusted Spread,Candidate-Core,needs_review,core_watchlist_series,Candidate-Core,Rates/Markets,Medium,High,75,popularity>=60; macro_market_keyword; timely_frequency; standard_macro_units,66,"Daily, Close",Percent,Not Seasonally Adjusted,2023-07-24,2026-07-21,2026-07-22 09:06:44-05,209,ICE BofA Indices,Candidate-Core,Medium,High
BAMLHYH0A0HYM2TRIV,ICE BofA US High Yield Index Total Return Index Value,Candidate-Core,needs_review,core_watchlist_series,Candidate-Core,Rates/Markets,Medium,High,75,popularity>=60; macro_market_keyword; timely_frequency; standard_macro_units,66,"Daily, Close",Index,Not Seasonally Adjusted,2023-07-24,2026-07-21,2026-07-22 09:06:15-05,209,ICE BofA Indices,Candidate-Core,Medium,High
DFEDTARL,Federal Funds Target Range - Lower Limit,Candidate-Core,needs_review,core_watchlist_series,Candidate-Core,Rates/Markets,Medium,High,75,popularity>=60; macro_market_keyword; timely_frequency; standard_macro_units,66,"Daily, 7-Day",Percent,Not Seasonally Adjusted,2008-12-16,2026-07-22,2026-07-22 09:15:40-05,101,FOMC Press Release,Core,High,High
DGS7,"Market Yield on U.S. Treasury Securities at 7-Year Constant Maturity, Quoted on an Investment Basis",Candidate-Core,needs_review,core_watchlist_series,Candidate-Core,Rates/Markets,Medium,High,75,popularity>=60; macro_market_keyword; timely_frequency; standard_macro_units,66,Daily,Percent,Not Seasonally Adjusted,1969-07-01,2026-07-21,2026-07-22 15:16:29-05,18,H.15 Selected Interest Rates,Core,High,High
PCU33443344,Producer Price Index by Industry: Semiconductor and Other Electronic Component Manufacturing,Candidate-Core,needs_review,core_watchlist_series,Candidate-Core,Inflation/Prices,Medium,High,75,popularity>=60; macro_market_keyword; timely_frequency; standard_macro_units,66,Monthly,Index Dec 1984=100,Not Seasonally Adjusted,1984-12-01,2026-06-01,2026-07-15 09:53:07-05,46,Producer Price Index,Core,High,High
T10YFF,10-Year Treasury Constant Maturity Minus Federal Funds Rate,Candidate-Core,needs_review,core_watchlist_series,Candidate-Core,Rates/Markets,Medium,High,75,popularity>=60; macro_market_keyword; timely_frequency; standard_macro_units,66,Daily,Percent,Not Seasonally Adjusted,1962-01-02,2026-07-21,2026-07-22 16:03:21-05,304,Interest Rate Spreads,Core,High,High
WSHOMCB,Assets: Securities Held Outright: Mortgage-Backed Securities: Wednesday Level,Candidate-Core,needs_review,core_watchlist_series,Candidate-Core,Housing,Medium,High,75,popularity>=60; macro_market_keyword; timely_frequency; standard_macro_units,66,"Weekly, As of Wednesday",Millions of U.S. Dollars,Not Seasonally Adjusted,2002-12-18,2026-07-15,2026-07-16 15:31:16-05,20,H.4.1 Factors Affecting Reserve Balances,Candidate-Core,Medium,High
BOGZ1FL192090005Q,"Households; Net Worth, Level",Candidate-Core,needs_review,core_watchlist_series,Candidate-Core,Consumer,Medium,High,75,popularity>=60; macro_market_keyword; timely_frequency; standard_macro_units,65,"Quarterly, End of Period",Millions of U.S. Dollars,Not Seasonally Adjusted,1987-10-01,2026-01-01,2026-06-11 19:23:20-05,52,Z.1 Financial Accounts of the United States,Candidate-Core,Medium,High
DEXCAUS,Canadian Dollars to U.S. Dollar Spot Exchange Rate,Candidate-Core,needs_review,core_watchlist_series,Candidate-Core,Rates/Markets,Medium,High,75,popularity>=60; macro_market_keyword; timely_frequency; standard_macro_units,65,Daily,Canadian Dollars to One U.S. Dollar,Not Seasonally Adjusted,1971-01-04,2026-07-17,2026-07-20 15:16:33-05,17,H.10 Foreign Exchange Rates,Candidate-Core,Medium,High
DEXUSUK,U.S. Dollars to U.K. Pound Sterling Spot Exchange Rate,Candidate-Core,needs_review,core_watchlist_series,Candidate-Core,Rates/Markets,Medium,High,75,popularity>=60; macro_market_keyword; timely_frequency; standard_macro_units,65,Daily,U.S. Dollars to One U.K. Pound Sterling,Not Seasonally Adjusted,1971-01-04,2026-07-17,2026-07-20 15:16:39-05,17,H.10 Foreign Exchange Rates,Candidate-Core,Medium,High
BAMLC0A3CAEY,ICE BofA Single-A US Corporate Index Effective Yield,Candidate-Core,needs_review,core_watchlist_series,Candidate-Core,Rates/Markets,Medium,High,75,popularity>=60; macro_market_keyword; timely_frequency; standard_macro_units,64,"Daily, Close",Percent,Not Seasonally Adjusted,2023-07-24,2026-07-21,2026-07-22 09:06:48-05,209,ICE BofA Indices,Candidate-Core,Medium,High
CUUR0000SEHA,Consumer Price Index for All Urban Consumers: Rent of Primary Residence in U.S. City Average,Candidate-Core,needs_review,core_watchlist_series,Candidate-Core,Inflation/Prices,Medium,High,75,popularity>=60; macro_market_keyword; timely_frequency; standard_macro_units,64,Monthly,Index 1982-1984=100,Not Seasonally Adjusted,1914-12-01,2026-06-01,2026-07-14 08:10:37-05,10,Consumer Price Index,Core,High,High
DTB6,"6-Month Treasury Bill Secondary Market Rate, Discount Basis",Candidate-Core,needs_review,core_watchlist_series,Candidate-Core,Rates/Markets,Medium,High,75,popularity>=60; macro_market_keyword; timely_frequency; standard_macro_units,64,Daily,Percent,Not Seasonally Adjusted,1958-12-09,2026-07-21,2026-07-22 15:16:31-05,18,H.15 Selected Interest Rates,Core,High,High
FF,Federal Funds Effective Rate,Candidate-Core,needs_review,core_watchlist_series,Candidate-Core,Rates/Markets,Medium,High,75,popularity>=60; macro_market_keyword; timely_frequency; standard_macro_units,64,"Weekly, Ending Wednesday",Percent,Not Seasonally Adjusted,1954-07-07,2026-07-15,2026-07-16 15:18:02-05,18,H.15 Selected Interest Rates,Core,High,High
IRLTLT01DEM156N,Interest Rates: Long-Term Government Bond Yields: 10-Year: Main (Including Benchmark) for Germany,Candidate-Core,needs_review,core_watchlist_series,Candidate-Core,Rates/Markets,Medium,High,75,popularity>=60; macro_market_keyword; timely_frequency; standard_macro_units,64,Monthly,Percent,Not Seasonally Adjusted,1956-05-01,2026-06-01,2026-07-16 15:30:51-05,205,Main Economic Indicators,Candidate-Core,Medium,High
NROU,Noncyclical Rate of Unemployment,Candidate-Core,needs_review,core_watchlist_series,Candidate-Core,Labor,Medium,High,75,popularity>=60; macro_market_keyword; timely_frequency; standard_macro_units,64,Quarterly,Percent,Not Seasonally Adjusted,1949-01-01,2036-10-01,2026-02-27 15:05:27-06,99,Budget and Economic Outlook,Candidate-Core,Medium,High
OBMMIJUMBO30YF,30-Year Fixed Rate Jumbo Mortgage Index,Candidate-Core,needs_review,core_watchlist_series,Candidate-Core,Housing,Medium,High,75,popularity>=60; macro_market_keyword; timely_frequency; standard_macro_units,64,Daily,Percent,Not Seasonally Adjusted,2017-01-03,2026-07-21,2026-07-22 07:02:16-05,473,Optimal Blue Mortgage Market Indices,Candidate-Core,Medium,High
AAA10Y,Moody's Seasoned Aaa Corporate Bond Yield Relative to Yield on 10-Year Treasury Constant Maturity,Candidate-Core,needs_review,core_watchlist_series,Candidate-Core,Rates/Markets,Medium,High,75,popularity>=60; macro_market_keyword; timely_frequency; standard_macro_units,63,Daily,Percent,Not Seasonally Adjusted,1983-01-03,2026-07-21,2026-07-22 16:03:24-05,304,Interest Rate Spreads,Core,High,High
HOSINVUSM495N,Existing Home Sales: Housing Inventory,Candidate-Core,needs_review,core_watchlist_series,Candidate-Core,Housing,Medium,High,75,popularity>=60; macro_market_keyword; timely_frequency; standard_macro_units,63,Monthly,Number of Units,Not Seasonally Adjusted,2025-06-01,2026-06-01,2026-07-09 09:17:28-05,291,Existing Home Sales,Candidate-Core,High,High
IRLTLT01USM156N,Interest Rates: Long-Term Government Bond Yields: 10-Year: Main (Including Benchmark) for United States,Candidate-Core,needs_review,core_watchlist_series,Candidate-Core,Rates/Markets,Medium,High,75,popularity>=60; macro_market_keyword; timely_frequency; standard_macro_units,63,Monthly,Percent,Not Seasonally Adjusted,1953-04-01,2026-06-01,2026-07-16 15:30:49-05,205,Main Economic Indicators,Candidate-Core,Medium,High
ANFCI,Chicago Fed Adjusted National Financial Conditions Index,Candidate-Core,needs_review,core_watchlist_series,Candidate-Core,Money/Credit/Banking,Medium,High,75,popularity>=60; macro_market_keyword; timely_frequency; standard_macro_units,62,"Weekly, Ending Friday",Index,Not Seasonally Adjusted,1971-01-08,2026-07-17,2026-07-22 07:35:54-05,221,Chicago Fed National Financial Conditions Index,Candidate-Core,Medium,High
BAMLC0A2CAAEY,ICE BofA AA US Corporate Index Effective Yield,Candidate-Core,needs_review,core_watchlist_series,Candidate-Core,Rates/Markets,Medium,High,75,popularity>=60; macro_market_keyword; timely_frequency; standard_macro_units,62,"Daily, Close",Percent,Not Seasonally Adjusted,2023-07-24,2026-07-21,2026-07-22 09:06:48-05,209,ICE BofA Indices,Candidate-Core,Medium,High
DRALACBN,"Delinquency Rate on All Loans, All Commercial Banks",Candidate-Core,needs_review,core_watchlist_series,Candidate-Core,Money/Credit/Banking,Medium,High,75,popularity>=60; macro_market_keyword; timely_frequency; standard_macro_units,62,"Quarterly, End of Period",Percent,Not Seasonally Adjusted,1985-01-01,2026-01-01,2026-05-19 08:08:16-05,231,Charge-Off and Delinquency Rates on Loans and Leases at Commercial Banks,Candidate-Core,Medium,High
OVXCLS,CBOE Crude Oil ETF Volatility Index,Candidate-Core,needs_review,core_watchlist_series,Candidate-Core,Rates/Markets,Medium,High,75,popularity>=60; macro_market_keyword; timely_frequency; standard_macro_units,62,"Daily, Close",Index,Not Seasonally Adjusted,2007-05-10,2026-07-21,2026-07-22 08:37:23-05,200,CBOE Market Statistics,Candidate-Core,Medium,High
PCU484121484121,"Producer Price Index by Industry: General Freight Trucking, Long-Distance Truckload",Candidate-Core,needs_review,core_watchlist_series,Candidate-Core,Inflation/Prices,Medium,High,75,popularity>=60; macro_market_keyword; timely_frequency; standard_macro_units,62,Monthly,Index Dec 2003=100,Not Seasonally Adjusted,2003-12-01,2026-06-01,2026-07-15 09:52:22-05,46,Producer Price Index,Core,High,High
WPU101,Producer Price Index by Commodity: Metals and Metal Products: Iron and Steel,Candidate-Core,needs_review,core_watchlist_series,Candidate-Core,Inflation/Prices,Medium,High,75,popularity>=60; macro_market_keyword; timely_frequency; standard_macro_units,62,Monthly,Index 1982=100,Not Seasonally Adjusted,1926-01-01,2026-06-01,2026-07-15 09:49:10-05,46,Producer Price Index,Core,High,High
BOGZ1FL153064486Q,"Households and Nonprofit Organizations; Directly and Indirectly Held Corporate Equities as a Percentage of Financial Assets; Assets, Level",Candidate-Core,needs_review,core_watchlist_series,Candidate-Core,Consumer,Medium,High,75,popularity>=60; macro_market_keyword; timely_frequency; standard_macro_units,61,"Quarterly, End of Period",Percent,Not Seasonally Adjusted,1945-10-01,2026-01-01,2026-06-11 19:21:48-05,52,Z.1 Financial Accounts of the United States,Candidate-Core,Medium,High
DFII20,"Market Yield on U.S. Treasury Securities at 20-Year Constant Maturity, Quoted on an Investment Basis, Inflation-Indexed",Candidate-Core,needs_review,core_watchlist_series,Candidate-Core,Rates/Markets,Medium,High,75,popularity>=60; macro_market_keyword; timely_frequency; standard_macro_units,61,Daily,Percent,Not Seasonally Adjusted,2004-07-27,2026-07-21,2026-07-22 15:16:26-05,18,H.15 Selected Interest Rates,Core,High,High
DTB4WK,"4-Week Treasury Bill Secondary Market Rate, Discount Basis",Candidate-Core,needs_review,core_watchlist_series,Candidate-Core,Rates/Markets,Medium,High,75,popularity>=60; macro_market_keyword; timely_frequency; standard_macro_units,61,Daily,Percent,Not Seasonally Adjusted,2001-07-31,2026-07-21,2026-07-22 15:16:31-05,18,H.15 Selected Interest Rates,Core,High,High
FDHBFIN,Federal Debt Held by Foreign and International Investors,Candidate-Core,needs_review,core_watchlist_series,Candidate-Core,Trade/Fiscal,Medium,High,75,popularity>=60; macro_market_keyword; timely_frequency; standard_macro_units,61,"Quarterly, End of Period",Billions of Dollars,Not Seasonally Adjusted,1970-01-01,2025-10-01,2026-06-18 14:30:20-05,80,Treasury Bulletin,Candidate-Core,Medium,High
GEPUCURRENT,Global Economic Policy Uncertainty Index: Current Price Adjusted GDP,Candidate-Core,needs_review,core_watchlist_series,Candidate-Core,Growth/Output,Medium,High,75,popularity>=60; macro_market_keyword; timely_frequency; standard_macro_units,61,Monthly,Index,Not Seasonally Adjusted,1997-01-01,2026-06-01,2026-07-08 08:03:14-05,279,Economic Policy Uncertainty,Candidate-Core,High,High
IRLTLT01GBM156N,Interest Rates: Long-Term Government Bond Yields: 10-Year: Main (Including Benchmark) for United Kingdom,Candidate-Core,needs_review,core_watchlist_series,Candidate-Core,Rates/Markets,Medium,High,75,popularity>=60; macro_market_keyword; timely_frequency; standard_macro_units,61,Monthly,Percent,Not Seasonally Adjusted,1960-01-01,2026-06-01,2026-07-16 15:30:51-05,205,Main Economic Indicators,Candidate-Core,Medium,High
M2NS,M2,Candidate-Core,needs_review,core_watchlist_series,Candidate-Core,Money/Credit/Banking,Medium,High,75,popularity>=60; macro_market_keyword; timely_frequency; standard_macro_units,61,Monthly,Billions of Dollars,Not Seasonally Adjusted,1959-01-01,2026-05-01,2026-06-23 12:01:24-05,21,H.6 Money Stock Measures,Candidate-Core,Medium,High
OBMMIFHA30YF,30-Year Fixed Rate FHA Mortgage Index,Candidate-Core,needs_review,core_watchlist_series,Candidate-Core,Housing,Medium,High,75,popularity>=60; macro_market_keyword; timely_frequency; standard_macro_units,61,Daily,Percent,Not Seasonally Adjusted,2017-01-03,2026-07-21,2026-07-22 07:02:13-05,473,Optimal Blue Mortgage Market Indices,Candidate-Core,Medium,High
RESPPANWW,Assets: Total Assets: Total Assets: Wednesday Level,Candidate-Core,needs_review,core_watchlist_series,Candidate-Core,Money/Credit/Banking,Medium,High,75,popularity>=60; macro_market_keyword; timely_frequency; standard_macro_units,61,"Weekly, As of Wednesday",Millions of U.S. Dollars,Not Seasonally Adjusted,2002-12-18,2026-07-15,2026-07-16 15:31:05-05,20,H.4.1 Factors Affecting Reserve Balances,Candidate-Core,Medium,High
RTWEXBGS,Real Broad Dollar Index,Candidate-Core,needs_review,core_watchlist_series,Candidate-Core,Rates/Markets,Medium,High,75,popularity>=60; macro_market_keyword; timely_frequency; standard_macro_units,61,Monthly,Index Jan 2006=100,Not Seasonally Adjusted,2006-01-01,2026-06-01,2026-07-01 15:20:15-05,245,Summary Measures of the Foreign Exchange Value of the Dollar,Candidate-Core,Medium,High
SOFR180DAYAVG,180-Day Average SOFR,Candidate-Core,needs_review,core_watchlist_series,Candidate-Core,Rates/Markets,Medium,High,75,popularity>=60; macro_market_keyword; timely_frequency; standard_macro_units,61,Daily,Percent,Not Seasonally Adjusted,2018-10-01,2026-07-22,2026-07-22 07:02:19-05,483,SOFR Averages and Index Data,Candidate-Core,Medium,High
WPU10170674,"Producer Price Index by Commodity: Metals and Metal Products: Steel Pipe and Tube, Stainless Steel",Candidate-Core,needs_review,core_watchlist_series,Candidate-Core,Inflation/Prices,Medium,High,75,popularity>=60; macro_market_keyword; timely_frequency; standard_macro_units,61,Monthly,Index Dec 2010=100,Not Seasonally Adjusted,2010-12-01,2026-06-01,2026-07-15 09:49:05-05,46,Producer Price Index,Core,High,High
CUUR0000SETA01,Consumer Price Index for All Urban Consumers: New Vehicles in U.S. City Average,Candidate-Core,needs_review,core_watchlist_series,Candidate-Core,Inflation/Prices,Medium,High,75,popularity>=60; macro_market_keyword; timely_frequency; standard_macro_units,60,Monthly,Index 1982-1984=100,Not Seasonally Adjusted,1947-03-01,2026-06-01,2026-07-14 08:10:28-05,10,Consumer Price Index,Core,High,High
DTB1YR,"1-Year Treasury Bill Secondary Market Rate, Discount Basis",Candidate-Core,needs_review,core_watchlist_series,Candidate-Core,Rates/Markets,Medium,High,75,popularity>=60; macro_market_keyword; timely_frequency; standard_macro_units,60,Daily,Percent,Not Seasonally Adjusted,1959-07-15,2026-07-21,2026-07-22 15:16:24-05,18,H.15 Selected Interest Rates,Core,High,High
EXUSEU,U.S. Dollars to Euro Spot Exchange Rate,Candidate-Core,needs_review,core_watchlist_series,Candidate-Core,Rates/Markets,Medium,High,75,popularity>=60; macro_market_keyword; timely_frequency; standard_macro_units,60,Monthly,U.S. Dollars to One Euro,Not Seasonally Adjusted,1999-01-01,2026-06-01,2026-07-01 15:16:31-05,15,G.5 Foreign Exchange Rates,Candidate-Core,Medium,High
VXVCLS,CBOE S&P 500 3-Month Volatility Index,Candidate-Core,needs_review,core_watchlist_series,Candidate-Core,Rates/Markets,Medium,High,75,popularity>=60; macro_market_keyword; timely_frequency; standard_macro_units,60,"Daily, Close",Index,Not Seasonally Adjusted,2007-12-04,2026-07-21,2026-07-22 08:37:22-05,200,CBOE Market Statistics,Candidate-Core,Medium,High
WGS1YR,"Market Yield on U.S. Treasury Securities at 1-Year Constant Maturity, Quoted on an Investment Basis",Candidate-Core,needs_review,core_watchlist_series,Candidate-Core,Rates/Markets,Medium,High,75,popularity>=60; macro_market_keyword; timely_frequency; standard_macro_units,60,"Weekly, Ending Friday",Percent,Not Seasonally Adjusted,1962-01-05,2026-07-17,2026-07-20 15:16:34-05,18,H.15 Selected Interest Rates,Core,High,High
WM1NS,M1,Candidate-Core,needs_review,core_watchlist_series,Candidate-Core,Money/Credit/Banking,Medium,High,75,popularity>=60; macro_market_keyword; timely_frequency; standard_macro_units,60,"Weekly, Ending Monday",Billions of Dollars,Not Seasonally Adjusted,1981-01-05,2026-06-01,2026-06-23 12:01:16-05,21,H.6 Money Stock Measures,Candidate-Core,Medium,High
